labels,image_id
U+5E73 389 817 93 116 U+66F0 641 340 104 94 U+5433 495 273 102 103 U+59CB 498 393 118 96 U+4F7F 373 525 98 143 U+5404 262 391 80 111 U+7B49 503 667 110 81 U+652F 260 696 99 131 U+52C5 356 409 119 122 U+9060 642 675 125 112 U+5C71 381 942 112 116 seg_fp 498 221 94 66 U+58FD 503 544 100 117 U+537D 651 452 83 69 U+4F7F 643 929 135 112 U+5230 371 692 121 118 U+5553 483 946 169 114 U+F9FA 494 757 143 103 U+5553 625 177 115 133 U+5DE6 755 182 99 122 U+7387 252 562 106 115 U+63A5 642 804 142 107 U+901A 258 943 110 110 seg_fp 514 487 94 75 U+5F85 251 815 117 121 U+7AD9 232 274 144 98 seg_fp 622 544 135 113 seg_fp 956 477 74 74 U+4EE4 770 316 81 96 seg_fp 256 509 88 75 U+5247 351 204 103 153 seg_fp 655 293 79 46 seg_fp 217 212 133 104 seg_fp 815 973 82 67 seg_fp 800 855 91 148 seg_fp 372 331 80 55,20220627_57
U+745E 589 489 60 52 U+9304 651 654 64 48 U+8655 449 589 64 62 U+5442 786 309 57 49 U+674E 660 931 55 45 U+7B54 450 798 63 53 U+4EE5 777 188 58 46 U+53CB 781 356 64 52 U+4ECD 1222 798 58 41 U+88AB 588 680 55 43 U+8A71 909 675 62 44 U+6EAB 586 271 55 49 U+674E 592 320 45 46 U+4F55 529 849 49 40 U+59D3 1293 229 52 45 U+540E 587 367 51 47 U+7232 647 187 54 51 U+5B5D 521 251 52 55 U+9818 523 924 63 48 U+4FEE 652 278 58 48 U+4F55 723 279 48 43 U+5442 1112 583 44 40 U+5831 718 453 63 49 U+7576 454 541 53 47 U+6545 527 551 51 43 U+60B2 708 188 63 46 U+64B0 648 323 69 56 U+8A00 724 321 46 46 U+662F 380 190 56 64 U+4F86 1238 431 48 44 U+8B80 387 408 56 50 U+6176 522 435 56 67 U+8FD1 1031 898 60 44 U+5176 449 232 55 52 U+5F18 722 594 58 45 U+52E2 1352 235 50 50 U+842C 980 780 49 51 U+5960 200 592 58 54 U+5927 1235 473 49 39 U+57FA 1471 407 60 59 U+9AD8 213 872 53 42 U+8A00 454 187 45 46 U+660F 904 813 63 53 U+77E3 790 525 55 53 U+9EBB 1233 513 61 45 U+4F86 918 426 61 53 U+4EA6 657 379 52 43 U+F967 790 984 53 40 U+7F6E 456 650 53 60 U+671D 526 354 51 40 U+6E21 900 862 68 59 U+8A2A 1165 762 52 48 U+7D04 913 476 60 48 U+81F3 456 928 65 41 U+7956 214 913 55 39 U+58FD 662 975 50 43 U+4F86 1038 936 53 48 U+62DC 725 813 56 40 U+5916 212 832 56 40 U+4F9D 517 183 63 59 U+6545 910 719 60 42 U+662F 458 971 61 55 U+57FA 1473 315 61 65 U+805E 728 368 41 41 U+76F8 1413 382 51 43 U+7960 1228 713 56 50 U+8ACB 599 1040 59 55 U+5728 786 484 57 44 U+6295 1409 498 57 48 U+610F 440 736 69 63 U+5F18 651 613 57 41 U+6E38 1334 655 63 44 U+4EAC 724 407 46 44 U+5B9C 1170 594 44 43 U+4F86 787 428 54 55 U+6028 988 396 60 48 U+5357 209 770 60 57 U+5E7D 1353 283 53 37 U+85CF 992 255 59 52 seg_fp 1448 962 40 40 U+5728 789 839 53 44 U+69AE 198 546 59 49 U+5B97 525 304 48 49 U+5F18 518 753 63 48 U+77E3 447 868 66 60 U+6674 264 402 54 60 U+7686 596 582 42 35 U+5176 1442 1005 57 52 U+53CA 782 264 65 47 U+842C 976 879 51 46 U+6587 524 797 62 53 U+4E8E 207 644 47 44 U+4E88 452 501 55 43 U+674E 527 392 49 41 U+5442 925 346 41 42 U+751F 1123 260 40 35 U+6D1E 1057 231 61 48 U+4F55 1331 811 55 50 U+654D 1030 850 68 48 U+7279 521 637 58 57 U+66F0 657 894 55 38 U+512A 1334 603 65 53 U+5F35 1051 460 52 50 U+53CA 1157 966 47 41 U+5875 1325 909 62 59 U+8F15 1041 752 59 49 U+57FA 1414 229 49 61 U+81FA 382 354 66 53 U+7528 976 831 49 51 U+5176 607 1004 43 39 U+9084 904 984 61 47 U+8B01 1230 555 64 63 U+660E 1343 501 55 52 U+9069 1332 698 64 48 U+4E8B 528 594 45 41 U+58FD 727 545 46 47 U+679C 906 759 60 53 U+5104 519 502 63 50 U+672A 202 329 52 57 U+85DD 787 698 53 59 U+8F9B 320 292 46 51 U+7686 595 881 45 41 U+5BB6 1356 373 45 39 U+5915 1411 458 47 37 U+5176 1467 194 60 54 U+5584 586 230 47 42 U+F971 1236 343 51 43 U+5B97 1228 668 56 48 U+53F3 730 854 46 40 U+898B 597 921 47 34 U+6674 1231 386 60 49 U+5E9A 1239 297 43 44 U+6927 1407 544 55 48 U+8655 1173 387 50 50 U+9664 518 693 62 61 U+6190 709 234 65 46 U+F967 459 282 50 34 U+543E 1103 870 49 49 U+610F 1329 743 65 68 U+76F8 528 970 59 47 U+76F8 987 535 53 49 U+5B8B 1471 668 46 40 U+8C37 1405 592 57 50 U+674E 595 451 45 39 U+4F86 1170 716 44 46 U+5BBF 989 348 55 49 U+7F8E 1212 973 62 43 U+90FD 790 619 49 46 U+F967 1047 720 50 35 U+7559 921 183 59 55 seg_fp 1170 673 49 45 U+518D 1112 464 51 44 U+7678 196 269 54 58 U+60A3 1053 634 43 40 U+5442 1177 467 46 47 U+65BC 597 648 42 31 U+820D 1356 411 47 42 U+8207 925 308 40 38 U+5BBF 911 601 60 47 U+4E2D 1300 272 39 39 U+52C9 985 580 56 50 seg_fp 1452 917 41 44 U+53EF 464 317 44 47 U+5144 787 232 54 38 U+4E4B 390 512 45 38 U+6C5F 902 920 63 42 U+6709 465 1024 55 47 U+6674 202 390 56 63 U+5144 1416 422 48 38 U+6C86 588 412 58 43 U+5F9E 1395 774 58 41 U+8207 1120 417 41 42 U+800C 598 845 40 35 U+65E8 659 471 39 38 U+9078 589 721 54 49 U+7279 654 427 50 48 U+548C 1165 638 59 36 U+5F9E 1153 874 55 42 U+90FD 1175 287 56 53 U+6E56 655 777 60 44 U+4EE5 728 637 45 38 U+91D1 1129 222 41 39 U+59C9 1126 182 48 42 U+5EDF 1228 760 51 39 U+5247 461 364 52 41 U+4E5D 255 224 45 38 U+8207 795 800 52 41 U+FA04 1176 239 57 50 U+613C 782 755 63 48 U+67F3 1292 188 54 41 U+53CA 1057 419 47 40 U+4EAC 794 883 48 42 U+76CA 976 925 50 60 U+5B50 1482 246 44 42 seg_fp 791 579 52 40 U+4F86 1299 406 41 49 U+751F 1180 341 37 44 U+96E8 593 539 55 47 U+541B 1213 936 55 38 U+5144 1111 543 57 42 U+65E8 730 737 41 37 U+5B50 1464 876 43 38 U+7FA8 1330 860 61 52 U+5F9E 1103 508 64 38 U+5176 1463 836 46 41 U+5167 1120 356 45 38 U+842C 987 699 45 42 U+6708 1064 181 45 51 U+4E0A 457 430 50 52 U+5408 594 616 47 34 U+5F8C 654 701 61 44 U+9F4A 1175 512 44 56 U+6717 1341 550 56 54 U+9817 1042 673 63 48 U+8D77 783 1026 79 55 U+53F8 794 662 41 35 U+898B 1300 454 42 44 U+57FA 1473 476 61 61 U+4E4B 1120 327 43 30 U+5982 523 889 62 35 U+5728 972 983 60 43 U+58EB 1173 564 42 32 U+9054 657 853 61 43 U+660E 1388 978 47 38 U+62DC 1060 278 55 62 U+7533 589 184 45 44 U+7279 724 686 48 54 U+5AC2 1148 916 60 53 seg_fp 1478 567 45 37 U+5144 1399 811 57 40 U+5B50 1395 947 42 32 U+5728 1392 1051 48 36 seg_fp 1163 805 48 35 U+4EBA 1295 310 47 32 U+518D 1160 1008 42 37 U+5F3C 1461 795 58 49 U+524D 659 541 46 54 U+5BB6 900 1031 71 53 U+62DC 1404 641 52 56 U+5F9E 982 626 51 70 U+526F 650 239 55 38 U+7565 1035 801 67 51 U+6012 987 306 65 40 seg_fp 1350 450 50 50 U+664F 978 730 56 52 U+9591 1353 321 49 56 U+5055 1103 758 55 45 U+674E 725 974 50 48 U+4E14 993 185 51 46 U+66F8 1103 942 40 41 U+5B6B 1445 1057 65 40 U+722D 392 456 47 53 U+6C0F 1389 1015 47 38 U+4E3B 1065 392 34 30 U+53CB 916 389 55 38 U+9AD8 913 541 61 60 U+800C 918 641 45 34 U+907A 594 950 59 53 U+57A2 1121 293 48 36 U+8D85 723 771 57 42 U+5802 594 797 49 49 seg_fp 216 994 59 35 U+5927 1232 619 46 53 U+6052 1177 435 54 37 U+9673 653 819 65 36 U+5341 312 195 52 38 U+6C0F 1398 917 47 35 U+91D1 718 501 58 46 U+59D1 1057 355 53 41 seg_fp 1400 847 45 31 U+4E4B 932 234 37 40 U+5144 1104 915 41 34 U+5730 1351 192 63 44 U+8003 217 950 55 46 U+8F29 1297 340 45 53 U+53D4 1051 509 53 43 U+76F8 1473 535 56 35 U+65E5 1241 250 41 43 U+5893 222 1035 62 68 U+6D1E 1323 1026 60 38 U+6B77 1093 986 61 56 U+4E5F 655 509 59 34 U+62DC 1160 838 52 39 U+58FD 732 1023 46 38 seg_fp 1467 747 52 48 U+6C86 1390 877 67 44 U+7389 597 770 45 38 U+5DF2 793 406 47 29 U+8A2A 1469 628 51 42 U+5B78 1415 290 47 38 U+6BCD 1399 739 55 34 U+6176 733 1059 51 42 seg_fp 726 893 51 43 U+8207 1223 837 58 38 U+4E91 394 552 52 48 U+4E3B 989 1053 42 36 U+53F2 199 687 75 59 U+5F9E 1152 1043 58 42 U+4EE5 923 272 51 36 U+4E8B 1036 983 52 58 seg_fp 1058 548 35 43 U+5176 1180 186 41 54 U+548C 1105 719 60 37 seg_fp 312 238 56 56 U+4E09 196 167 49 42 U+5DF3 316 340 62 39 U+5341 263 191 34 32 U+69AE 1325 967 63 59 U+4E8C 308 163 56 35 U+5341 1235 173 50 51 U+547D 380 265 62 86 U+57FA 1413 329 46 56 seg_fp 656 743 58 35 U+65E5 266 257 32 24 U+4E8C 199 457 54 40 U+9032 1462 707 57 38 U+5341 196 204 51 35 U+884C 1112 802 42 71 seg_fp 1117 388 46 29 U+4E8C 256 163 40 33 U+59D1 977 1026 58 33 U+76DB 528 1011 61 74 U+75C5 1051 594 50 44 U+800C 910 954 54 30 seg_fp 923 521 40 39 U+79C0 1109 622 45 59 U+65E5 204 234 40 37 U+5352 782 931 69 56 U+6176 663 1021 57 74 U+53D4 1394 695 58 44 U+4EE5 993 222 57 33 seg_fp 470 708 29 35 U+4E03 1232 221 50 38 U+58EC 256 286 54 51 U+5167 1328 1052 56 48 U+6674 321 378 53 70 U+53E4 205 738 64 32 U+6212 981 471 55 68 U+5F1F 200 494 54 50 U+5348 265 338 45 53 U+4E91 803 1075 44 33 U+516B 1109 699 47 24 U+4EE5 457 469 54 32 U+53C8 1474 601 52 35 U+5144 1222 904 62 34,20220627_22
U+7E3E 1277 1027 89 83 U+F9E1 675 743 78 68 U+5B98 1046 835 78 80 U+5F8C 677 816 84 74 U+5047 1357 695 81 75 U+65AF 475 839 101 73 U+81F4 1279 964 75 65 U+F9E1 1362 866 74 79 U+623F 1346 233 61 53 U+5149 897 793 71 75 U+8043 1365 946 74 65 U+5B98 1280 823 69 62 U+90FD 1346 285 57 64 U+6CE8 1368 768 67 51 seg_fp 278 466 80 74 seg_fp 893 729 70 67 U+53D7 770 161 83 73 U+4EFB 762 896 87 63 U+8D0A 1267 369 64 58 U+912D 484 749 93 84 U+66F8 1375 820 64 46 U+7766 1160 875 103 76 U+8A18 1266 702 80 64 U+7384 509 907 76 98 U+9762 670 150 86 54 U+53C3 1269 323 57 47 U+627F 1159 226 95 80 U+7A74 763 384 91 82 U+660E 1194 1029 76 83 U+8043 679 892 85 70 seg_fp 1166 176 70 58 U+63D0 1340 349 74 55 U+76F4 598 898 68 73 U+91AB 1031 722 87 95 U+5584 1268 487 62 57 U+5F35 1261 427 77 61 U+624B 536 150 61 48 U+8056 766 831 68 66 U+514C 286 538 76 55 U+58FD 1348 500 64 52 U+6709 979 804 51 57 seg_fp 604 237 76 73 U+73B9 891 871 84 91 U+8DB3 352 140 75 64 U+5DE6 763 296 80 58 U+F90A 589 753 83 67 U+5DE6 1267 286 51 39 U+85E5 1340 171 64 63 U+937C 761 231 94 69 U+5C39 1280 881 64 76 U+9249 957 866 94 93 U+4E8B 1282 766 58 51 U+91D1 968 733 66 73 seg_fp 611 305 72 67 seg_fp 1265 543 76 59 U+5D14 763 734 71 101 U+63D0 1257 168 69 62 U+9580 429 295 78 86 U+842C 599 841 71 52 seg_fp 535 198 58 55 U+8208 1344 554 70 51 U+547D 1362 1005 85 80 U+65E8 1181 304 76 68 U+795E 428 226 59 65 U+90E8 353 207 67 68 U+81F3 282 639 70 58 seg_fp 288 286 69 60 U+5546 492 237 53 70 U+8ABF 1260 223 78 69 U+F9E1 1160 361 89 127 U+8ABF 1341 399 80 57 U+91D1 1342 455 79 48 seg_fp 596 816 61 32 U+967D 475 304 75 69 seg_fp 669 203 85 57 U+592A 297 209 47 65 U+9670 278 688 97 68 U+660C 1194 955 65 66 U+53F3 771 348 64 46 seg_fp 307 331 51 78,20220627_6
U+6D3B 663 818 47 37 U+6642 831 1001 48 36 U+8CF4 663 704 49 51 U+6642 951 298 42 39 U+502D 613 353 58 47 U+6545 661 854 49 41 U+570B 779 605 46 44 U+7B54 894 199 42 41 U+8207 891 1010 39 39 U+5CF6 779 381 47 50 U+54B8 659 894 54 50 U+767D 892 571 40 32 U+64C4 837 284 53 49 U+77E3 937 674 53 53 U+800C 605 904 44 35 U+4E91 601 865 47 39 U+751F 838 431 42 36 U+98DF 606 826 43 38 U+540C 890 969 43 42 U+570B 674 232 48 45 U+4E4B 899 239 37 33 U+975E 893 499 42 35 U+8005 890 934 43 36 U+88AB 834 243 56 41 U+56DE 947 212 45 35 seg_fp 946 380 44 46 U+95DC 890 534 43 38 U+65BC 675 160 44 40 U+8A31 944 596 45 39 U+5F97 599 783 55 46 U+5CF6 616 299 52 55 U+7232 838 543 39 28 U+6158 721 681 47 46 U+6771 615 496 40 36 U+5176 830 953 45 49 U+66F0 776 329 52 37 U+9177 721 596 50 43 U+8EAB 775 753 44 44 U+5247 621 264 47 37 U+751F 665 781 40 37 U+798D 719 726 47 43 U+7232 778 721 44 32 U+7B54 947 486 40 41 U+6642 1093 427 41 36 U+5247 604 606 56 42 U+8CC7 1106 974 56 56 U+751F 771 838 42 43 U+6545 836 208 54 38 U+5F97 662 943 48 59 U+767D 1049 592 42 36 U+5CF6 1140 194 46 41 U+4E91 728 158 42 38 U+66F0 720 947 41 33 U+6E20 945 337 46 46 U+8A9E 897 274 45 40 U+57CE 828 833 53 43 U+548C 1049 736 39 33 U+6642 614 156 53 42 U+8089 772 958 48 41 U+5982 946 567 44 31 U+59CB 1046 701 44 37 seg_fp 598 939 55 50 U+9084 947 247 46 51 U+5175 723 411 44 40 U+723E 1150 546 41 47 U+767D 946 1003 43 36 U+7D04 1095 265 41 37 U+96D6 771 799 51 40 U+937E 827 790 55 44 U+65BC 766 877 52 38 U+800C 672 753 34 31 U+8108 776 466 51 41 U+7A40 666 447 49 45 U+6642 1046 210 43 35 U+4FC2 777 508 49 38 U+7232 891 464 46 37 U+7232 619 464 37 32 seg_fp 942 527 48 42 U+7C73 668 571 46 46 U+4F7F 992 871 45 42 U+7686 618 399 44 40 U+570B 995 797 48 42 U+8ACB 1095 630 48 40 U+4E4B 887 1047 55 47 U+66F8 1053 467 36 35 U+8005 842 329 48 36 U+5247 1045 244 46 48 U+570B 677 375 45 46 U+5439 607 566 57 41 seg_fp 1105 1030 61 56 U+65AF 767 913 55 44 U+6E20 773 647 47 51 U+4E4B 624 232 41 33 U+8A00 951 1040 36 43 seg_fp 1140 436 53 47 U+6240 892 601 40 37 U+9577 835 506 44 38 U+4E4B 832 1035 41 41 U+4E4B 1140 255 50 38 U+5169 675 201 44 31 U+6C5F 665 493 50 33 U+800C 998 911 38 30 U+5247 771 996 47 43 U+689D 1091 300 41 41 U+4E4B 951 425 38 31 U+4F86 1091 384 40 44 U+898B 619 197 48 39 U+914D 829 747 47 42 U+6240 946 456 45 29 U+5176 943 160 44 50 U+5982 1134 481 60 38 U+8AEB 1095 564 43 38 U+570B 1048 423 42 48 U+5CF6 719 978 41 47 U+540D 835 568 40 44 U+547D 779 430 47 35 U+5CF6 725 499 42 46 U+540C 839 388 46 45 seg_fp 935 805 53 52 U+4E91 940 636 46 37 U+95DC 1052 546 34 43 U+98A8 613 533 54 34 U+6211 995 756 48 41 U+8208 712 898 47 51 U+4E0A 782 292 45 37 U+53EF 610 727 40 32 U+8B04 1087 341 49 46 U+5F7C 719 639 53 41 U+4E14 732 291 36 43 U+4EE5 621 439 35 26 U+8005 829 612 55 37 U+5CF6 899 358 38 47 U+662F 830 905 50 49 U+524D 944 862 38 41 U+6B64 1146 517 41 30 U+88AB 886 844 47 41 U+4F3C 826 876 51 32 U+547D 1095 829 81 49 U+96E3 725 451 45 46 U+66F0 943 775 46 31 U+4F7F 1130 706 41 38 U+5169 1141 369 51 36 U+6536 1102 900 73 53 U+53EA 1091 774 59 47 U+4E5F 778 158 53 40 U+4F86 1048 624 40 48 U+65E5 947 901 37 40 seg_fp 723 765 38 34 U+7686 902 311 37 44 U+5DE6 673 524 35 29 seg_fp 893 433 45 31 U+672A 1050 290 36 37 seg_fp 1099 599 44 30 U+56DE 888 159 54 39 U+81FA 1091 520 43 46 U+6545 1135 158 51 38 U+F971 726 374 41 39 U+800C 890 676 42 33 U+77E3 998 705 38 52 U+502D 723 553 46 44 U+9593 1141 403 45 33 U+9084 1106 877 48 35 U+800C 1057 390 30 30 U+77E5 891 640 40 39 U+6B64 1043 159 47 52 U+81EA 1051 502 37 46 U+95DC 944 965 39 38 U+4EE5 778 697 43 25 U+4E3B 901 406 31 31 U+9001 992 836 52 35 seg_fp 1048 671 47 32 U+4E0A 1090 145 44 32 U+6211 782 568 44 38 U+81E3 1133 744 46 38 U+5FBD 936 728 57 48 U+6211 888 705 41 43 U+58EC 724 333 39 37 U+66F0 1095 178 38 32 U+4E09 997 938 41 31 U+4EE5 608 754 42 27 U+8B2B 831 705 44 44 U+64C4 887 885 48 51 U+4F7F 999 969 42 38 U+4E4B 845 366 37 26 U+4E4B 678 272 40 30 U+4E4B 677 418 35 33 U+65BC 778 546 44 31 seg_fp 664 654 47 52 U+8B00 834 158 51 51 seg_fp 1047 327 41 44 U+4E3B 1150 233 30 23 U+77E3 723 800 36 40 U+5099 999 1034 46 42 seg_fp 1094 716 44 37 U+91D1 836 466 42 46 U+7E2B 1142 324 48 46 U+4E4B 678 550 29 24 U+9593 676 298 44 31 seg_fp 1093 207 38 61 U+52A0 1110 950 45 26 U+6211 679 328 44 43 U+570B 875 744 58 50 U+58FD 718 840 41 58 seg_fp 1092 461 43 57 U+5617 832 658 42 46 seg_fp 596 651 60 78 U+548C 1053 370 31 26 U+4E4B 895 809 35 35 seg_fp 669 615 43 48 seg_fp 1048 770 48 51 U+F967 997 1003 44 32 U+5F4C 1139 292 51 44 seg_fp 1041 894 51 46 U+62FF 1093 671 67 44 U+800C 1096 750 43 29,20220627_65
U+65AC 720 673 49 49 U+76E1 721 631 46 42 U+9A5A 773 294 48 49 U+7A4D 1000 748 61 53 U+602A 772 341 55 44 U+745E 1006 832 51 44 U+745E 1133 394 55 49 U+653E 1070 956 65 46 U+7A4D 306 588 57 46 U+6BB5 384 1019 53 47 U+5B89 1257 501 39 36 U+6545 786 834 47 37 U+968A 717 584 48 48 U+4EE3 1076 696 55 45 U+6349 1068 309 53 44 U+8D99 1073 201 49 49 U+8005 1082 767 43 38 U+7686 1313 200 45 42 U+6B7B 785 911 58 40 U+6B64 1137 831 44 38 U+61F2 731 999 52 53 U+9032 470 210 44 47 U+8B80 475 258 43 40 U+9304 1199 458 48 39 U+7F54 777 385 47 41 U+662F 414 215 46 46 U+932B 1377 367 52 45 U+7D2F 1200 497 41 41 U+63AA 772 420 54 45 U+67F1 954 946 43 37 U+4EA6 779 682 52 41 U+6CD5 717 332 46 36 U+7A4D 469 297 55 47 U+731D 893 843 51 41 U+5C6C 1379 249 51 40 U+96D6 311 664 51 42 U+653E 1196 685 54 37 U+745E 1014 300 42 39 U+66F0 1011 799 43 33 U+7232 725 913 44 38 U+5176 660 574 39 37 U+524D 1262 667 38 40 U+5927 381 975 48 43 U+5F0A 304 473 54 45 U+653E 1198 302 47 42 U+5F8C 652 205 54 48 U+7576 1316 470 42 34 U+9001 1080 1000 60 55 U+912D 596 461 46 37 U+675C 307 547 57 39 U+653E 540 764 55 51 U+59CB 1199 949 44 34 U+4F7F 1070 412 54 52 U+6B64 363 291 40 39 U+4EE4 1083 596 38 36 U+9032 1377 318 57 50 U+8208 1012 340 42 39 U+91CB 1315 635 44 42 U+77E3 788 948 49 48 U+5E38 317 813 45 40 U+4ECD 662 848 46 36 U+66F0 307 278 40 33 U+5E38 321 993 41 36 U+4E5F 1078 803 49 47 U+4E4B 658 719 42 33 U+4F55 385 912 36 33 U+653E 1310 604 46 33 U+5145 1130 200 54 50 U+5B88 1202 343 39 35 U+5175 717 293 41 39 U+54C9 951 655 49 50 U+9CF3 550 948 49 44 U+7531 786 799 46 35 U+966A 949 829 46 42 U+7A4D 1136 751 54 48 U+6734 548 914 46 33 U+89AA 1075 484 51 51 U+5211 603 389 39 33 U+59CB 659 363 42 35 U+66F0 544 730 40 31 U+6BBA 772 252 47 42 U+77E3 1205 721 43 45 U+627F 600 498 43 33 U+5176 725 949 47 47 U+66F0 316 633 41 31 U+7A4D 1371 916 56 47 U+6212 664 680 43 42 U+67F1 772 577 51 40 U+51FA 385 877 37 35 U+66F0 1200 847 47 33 U+5B9A 1374 202 50 47 U+9038 552 992 47 37 U+514D 1317 752 38 40 U+66F0 722 261 37 31 U+4E0A 545 695 38 36 U+932B 790 997 49 48 U+82E5 1315 572 40 33 U+5C07 719 367 43 35 U+5B87 958 909 36 37 U+9054 602 529 42 41 U+4F55 1139 867 42 34 U+4E8B 318 852 43 41 U+6B64 1193 199 43 41 U+7F6A 729 843 41 36 U+79E9 1258 629 44 40 U+8CB8 380 836 43 40 U+674E 1007 498 40 38 U+4ED8 503 999 43 43 U+77E3 1317 837 46 60 U+8AD6 1257 272 46 40 U+5F7C 306 378 47 40 U+6B64 953 701 38 34 U+66F0 661 435 42 34 U+5B9A 1134 286 47 38 U+66F0 1142 796 44 34 U+7136 315 705 46 37 U+975E 714 724 61 47 U+9053 1255 535 43 36 U+767D 1143 615 39 31 U+5927 612 967 36 33 U+9001 426 447 45 34 U+8ECD 1145 964 38 38 U+51E1 529 207 46 45 U+8B80 431 736 45 44 U+610F 901 319 52 47 U+66F0 440 830 42 31 U+59CB 547 815 39 31 U+8D99 962 307 41 43 U+88AB 767 206 49 49 U+8AD6 1311 540 48 33 U+6E1B 438 918 51 47 U+9047 898 885 48 44 U+7232 1381 853 37 34 U+548C 430 630 45 31 U+8036 1143 1005 42 54 U+5E74 1385 524 37 32 U+7570 608 891 38 41 U+5145 1142 925 42 40 U+6642 1076 375 40 40 U+9001 1082 736 45 33 U+52FF 1315 1001 52 56 U+9591 1142 477 40 33 U+7F6E 668 884 39 45 U+7232 1319 726 36 26 U+5E74 900 661 43 45 U+8CE4 1317 794 50 50 U+7A4D 1256 981 45 39 U+4EE5 555 883 36 30 U+5B98 902 962 39 37 U+7232 493 777 37 32 U+58FD 304 241 40 38 U+4EA6 1202 625 37 31 U+9032 431 694 41 42 U+7232 1255 197 41 39 U+F9E1 430 561 36 37 U+96A8 954 869 45 41 U+81F3 386 945 37 33 U+4E5F 724 877 49 34 U+8005 1202 595 40 32 U+66F0 1377 961 47 34 U+79D1 483 430 42 35 U+5F80 1076 536 51 46 U+4E8B 539 354 41 38 U+5BE6 896 558 48 43 U+65BC 966 280 36 29 U+6CD5 536 419 46 42 U+F967 1315 439 43 31 U+79E9 1380 287 51 35 U+914D 669 1017 58 43 U+6D41 369 381 40 37 U+7F6A 909 459 43 37 U+5176 781 763 44 38 U+8A00 783 725 38 38 seg_fp 1311 368 47 44 U+77E3 611 932 35 37 U+8208 594 339 50 46 U+6709 728 812 37 32 U+8208 1139 442 46 36 U+6E1B 786 870 54 45 U+800C 906 519 38 35 U+5E74 363 212 37 45 U+5176 900 930 40 35 U+59CB 1255 380 40 38 U+61F2 663 641 40 39 U+59CB 1017 202 42 36 U+4E8B 1266 862 36 41 U+5225 1265 706 37 32 U+5E25 723 400 41 39 U+7537 1268 828 36 37 U+524D 719 534 42 52 U+91CD 548 527 41 40 U+826F 1143 505 39 34 U+64E7 1260 233 42 37 U+8ECD 1132 249 47 39 U+7121 954 981 45 46 seg_fp 1379 807 40 44 U+547D 904 401 51 54 U+58FD 663 395 40 41 U+7576 315 516 39 33 U+91CD 661 530 38 41 U+9053 656 751 48 39 U+62B5 610 1001 51 45 U+6349 917 202 41 41 U+5224 499 960 42 38 U+4ED6 1080 632 46 39 U+9032 1260 900 38 40 U+5974 1008 464 43 34 U+64E7 1313 503 47 37 U+5982 508 1038 40 35 U+58FD 1018 238 36 39 seg_fp 959 559 35 36 U+865B 1199 409 42 48 U+4E8B 663 466 38 39 U+7A4D 432 780 46 55 U+8AD6 1378 633 43 36 U+8208 1010 872 44 37 U+7576 666 817 36 31 U+8CA2 1008 377 46 41 U+540F 601 419 39 40 U+58FD 1203 981 38 37 U+8CCA 1316 241 54 51 U+59CB 299 210 44 33 U+5927 918 243 34 27 U+800C 367 254 36 35 U+4E8B 563 1027 39 46 U+5E74 1262 596 33 33 U+4E43 909 361 40 34 U+58FD 596 236 38 35 U+6B64 600 685 45 38 U+653E 420 413 47 36 U+8FAD 493 690 40 41 U+914D 1130 322 51 36 U+662F 540 485 45 43 U+4EE4 1205 376 32 29 U+4EE5 1259 446 34 24 U+5728 664 608 33 30 U+7FA9 1008 534 40 35 U+5C07 1266 736 38 33 U+66F0 1262 1017 39 37 U+5F92 1261 567 38 31 U+5B8B 1142 541 39 38 U+5152 899 744 49 40 U+540C 377 796 44 43 U+5929 1012 567 36 31 U+54E1 901 999 42 40 U+518D 434 597 37 34 U+745E 594 289 44 51 U+76E1 718 768 49 48 U+5E73 1261 470 29 31 U+4E4B 779 614 45 32 U+4EE5 1140 897 42 30 U+5B50 784 646 37 33 U+F90A 1268 769 33 35 U+5247 1203 241 36 29 U+58FD 1259 411 38 37 U+5982 960 534 27 25 U+53EF 1203 269 30 29 U+5247 1383 778 39 30 U+67F1 1010 1006 53 50 U+5168 440 859 45 34 U+7576 1318 690 37 38 U+8C48 962 466 32 39 U+4EE5 901 625 43 35 U+58FD 552 845 36 39 U+4E8B 1145 645 33 35 U+81F4 773 486 50 46 U+4E5F 319 895 50 30 U+66F0 1387 449 39 27 U+5DF2 1202 654 44 30 U+4F3C 661 789 42 31 U+8B80 1001 696 60 55 U+592A 1141 577 39 37 U+77E3 551 603 36 45 U+79E9 1137 351 48 41 seg_fp 1380 555 44 46 U+4FC2 529 250 48 38 U+5247 608 720 30 25 U+4E16 963 409 36 30 U+6728 378 742 38 38 U+7ACB 532 321 48 32 U+4E8B 435 661 33 35 U+9001 1077 350 39 29 U+6B64 1378 994 37 29 U+5C11 902 704 40 37 U+77E3 420 259 40 49 U+4E5F 1314 410 43 31 U+5BB6 440 889 43 31 U+66F0 480 343 44 36 U+4E8B 306 310 41 34 U+59CB 591 208 43 33 U+5B87 773 532 52 45 U+4E8B 1014 624 34 37 U+5553 484 654 56 40 U+9032 1142 678 38 42 U+8F29 954 732 38 45 U+9593 958 436 37 33 U+60C5 485 527 55 42 U+6B64 309 439 44 34 U+751F 1013 412 35 31 U+66F0 1077 925 47 31 U+8B8A 957 608 35 48 U+7528 488 492 49 38 U+7AE5 897 786 43 56 U+8B80 1253 941 51 46 U+5F92 448 1028 49 42 U+80C4 1387 407 40 43 U+95DC 303 342 43 36 U+8B80 1136 717 53 36 U+58EC 1388 474 32 27 U+756A 1380 735 38 45 U+7ACB 910 270 41 47 U+4EBA 1082 668 46 27 U+7576 449 980 33 35 U+5C11 612 864 28 27 U+4F55 363 330 40 29 U+8207 607 745 29 34 U+592A 608 818 30 26 U+4E4B 779 465 40 30 U+64E7 1381 600 51 36 seg_fp 916 492 28 29 U+7B49 1016 598 36 28 U+904E 546 566 45 38 U+4E5F 655 250 50 33 U+5FC5 497 826 37 26 U+7ACB 1072 264 48 45 U+79C1 1005 442 43 29 U+4E09 375 416 28 30 U+4E8B 606 569 33 38 U+5343 1204 540 31 29 U+4E2D 1384 667 34 39 U+5E9C 1009 908 37 43 U+5B50 1389 498 32 24 seg_fp 494 729 37 45 U+9032 604 597 34 40 U+4EC1 1266 800 35 30 U+6BBA 967 244 33 38 U+4ECA 1385 708 29 26 U+5B8B 606 781 32 37 U+5247 958 778 32 26 U+6355 956 1022 45 36 U+4EBA 1313 285 54 37 U+800C 504 915 33 37 U+64E7 491 461 34 30 U+4EE5 955 797 40 31 U+5247 488 405 35 25 U+77F3 1201 564 36 31 seg_fp 649 276 54 67 U+66F0 1316 964 47 36 U+4E5F 491 606 40 40 U+59BB 1318 341 39 29 U+4E4B 1318 314 40 28 U+4E8B 487 567 48 41 U+751A 663 501 33 36 U+4ECD 667 981 46 37 U+5982 540 460 41 25 U+5247 1380 1022 39 31 U+59CB 421 479 45 43 U+674E 1013 960 30 29 U+9032 1013 660 37 44 U+4EBA 310 416 44 29 U+66F0 422 365 39 49 U+516C 374 722 37 29 U+4E0A 668 944 37 44 U+5247 546 395 30 28 seg_fp 315 929 48 66 U+8ECD 497 886 42 35 U+6B64 479 376 44 37 U+767D 610 842 30 26 U+80C4 720 207 32 49 U+5145 498 851 44 41 U+4EE5 431 536 34 27 seg_fp 325 1028 41 47 U+8036 375 560 37 46 U+7232 373 501 34 35 U+81EA 320 740 30 32 U+6BBA 723 463 38 48 U+7B49 451 958 28 23 U+F967 497 803 33 27 U+898B 965 204 36 48 U+53EF 1261 308 38 52 U+662F 314 762 47 52 U+4EE5 367 355 36 29 U+4EE5 1018 273 35 26 U+5247 1086 568 37 29 U+5927 964 350 33 44 U+91CC 373 455 32 47,20220627_13
U+81E3 1210 507 58 53 U+7BC0 1059 675 61 59 U+76F8 491 777 62 58 U+F967 726 330 57 47 U+9818 490 426 69 66 U+7406 1123 325 69 53 U+66F0 1207 722 58 43 U+4F55 1210 561 54 46 U+796D 221 831 67 54 U+5F7C 721 261 69 70 U+5927 904 251 61 65 U+7576 414 784 59 45 U+651D 311 752 79 56 U+796D 314 808 71 63 U+5F85 488 948 65 62 U+6642 1132 422 58 49 U+5982 1216 608 51 44 U+6B64 1062 487 52 46 U+66F0 1287 630 54 44 U+7687 327 579 57 53 U+9818 1057 382 57 65 U+66F0 1062 447 53 44 U+66F0 577 650 59 41 U+9060 715 826 72 58 U+56FA 648 568 61 66 U+56FA 1137 768 61 63 U+8DEF 569 737 69 53 U+81E3 1068 923 62 44 U+722D 994 847 55 49 U+66F0 988 698 66 43 U+F95C 805 745 54 51 U+5F7C 1355 683 69 58 U+79AE 799 303 62 56 U+6562 724 378 66 60 U+77E3 994 575 55 52 U+5948 724 562 55 44 U+722D 917 939 58 52 U+807D 1430 700 71 60 U+5F7C 1439 944 76 70 U+539A 489 882 64 61 seg_fp 572 380 59 45 U+904E 1352 615 72 68 U+7232 413 826 61 49 U+7576 1281 351 57 45 U+8CDC 222 782 70 52 U+6975 984 385 62 56 U+77E3 1058 329 54 55 U+95DC 1059 615 59 60 U+9063 568 839 66 65 U+5176 1134 377 52 46 U+6642 1062 876 60 47 U+6B64 909 366 59 52 U+8AF8 796 408 65 54 U+4E0D 1061 573 56 40 U+76EE 1068 735 52 53 U+8ACB 1131 828 70 66 U+8005 494 724 63 46 U+800C 416 349 54 47 U+5247 1203 359 63 43 U+4EA6 413 740 63 43 U+807D 1196 298 72 63 U+82E5 913 892 59 46 U+6B64 411 697 60 47 U+4F55 727 609 56 50 U+9001 1283 772 61 47 U+518D 409 551 67 57 U+81E3 1294 883 56 46 U+8DEF 1275 716 68 55 U+53EF 1219 875 46 39 U+4E0A 566 211 64 54 U+66F0 798 362 62 46 U+800C 1365 855 56 42 U+64A4 795 682 69 63 U+5F7C 900 457 75 58 U+79AE 906 728 64 53 U+5FC5 492 833 63 47 U+66F0 1439 897 68 47 U+5927 1211 455 52 46 U+4F3C 1140 897 65 49 U+8655 724 952 76 66 U+5225 573 791 68 47 U+9818 1276 560 66 67 U+8FEB 990 530 58 47 U+9001 1204 403 65 53 U+77E3 492 367 60 61 U+66F0 493 495 73 50 U+6B64 1210 763 51 43 U+6B0A 569 577 75 72 U+7232 993 442 52 42 U+4E91 498 681 54 47 U+8A00 646 425 62 62 U+5236 1360 523 52 51 U+66F0 228 733 66 47 U+975E 1064 536 57 42 U+F967 1197 249 58 47 U+5DF2 657 323 53 50 U+4EE5 797 836 57 40 U+53E4 802 260 51 43 U+F967 1135 469 55 39 U+5433 1434 829 67 65 U+66F0 572 267 60 46 U+5DF2 1362 571 49 42 U+53EF 804 796 50 43 U+65BC 912 318 58 46 U+65E3 646 257 63 64 U+4ECA 326 960 64 47 U+6545 319 868 62 43 U+4E8B 1363 899 49 45 U+5433 985 628 63 70 U+4E2D 1289 672 45 46 U+518D 318 912 70 50 U+7232 489 253 63 53 U+807D 1359 804 70 52 U+F967 1139 681 54 43 U+800C 921 417 46 43 U+4F7F 649 487 60 53 U+8CAC 1214 913 55 60 U+4EE5 911 678 63 47 U+518D 496 547 62 60 U+722D 653 637 57 82 U+6B0A 694 714 102 73 U+5FC5 1133 722 65 44 U+77E3 725 652 58 58 U+4ECA 1430 568 56 53 seg_fp 577 424 57 36 U+4E2D 580 688 49 51 U+9001 646 376 63 49 U+9810 398 875 79 63 U+8ACB 1287 927 72 57 U+4E91 226 963 55 42 U+796D 490 610 68 73 U+F967 1213 839 56 39 U+5929 809 595 45 45 U+5207 983 488 63 44 U+53EF 419 509 46 39 U+63A5 712 884 84 68 U+6BB5 219 919 69 45 U+F967 407 467 62 44 U+95DC 1044 248 67 81 U+8A31 1128 504 72 75 U+7232 575 461 55 45 U+8A00 1286 393 53 55 U+7232 1152 942 48 36 U+898B 980 253 71 61 U+5247 578 903 58 38 U+8FEB 1271 295 69 54 U+77E3 235 619 61 48 U+89AA 1072 965 71 58 U+5176 1064 830 52 44 U+5FC5 1344 240 61 49 U+F967 1149 978 57 44 U+66F0 728 786 56 43 U+722D 808 876 44 48 U+79AE 989 798 64 49 U+4FAF 799 466 61 55 U+8C48 1441 651 44 46 U+89C0 568 312 73 68 U+F967 1366 774 56 32 U+7121 724 502 56 62 seg_fp 327 520 60 58 U+5247 925 991 60 37 U+5E1D 326 633 61 49 U+800C 809 964 51 57 U+6562 1347 335 83 65 U+5247 914 562 59 40 U+5247 1141 637 59 45 U+4E5F 911 835 62 55 U+4EE5 1219 974 63 44 U+7FA9 1125 253 60 70 U+5B50 811 641 46 37 U+5207 1260 247 71 48 U+F967 1350 291 67 41 seg_fp 245 700 43 34 U+4EBA 909 517 72 47 seg_fp 235 666 56 35 U+4ECA 1135 574 59 60 U+4EE5 982 740 74 56 U+796D 320 681 75 67 U+5247 996 935 61 36 U+610F 406 259 64 92 U+5BB0 1281 830 61 55 U+96E3 896 602 85 78 U+77E3 1282 490 62 70 U+55AA 800 519 62 71 U+662F 724 440 59 65 U+4E4B 1320 982 33 51 U+4F3C 566 940 78 43 U+6709 1002 969 53 49 seg_fp 1429 621 55 38 U+6B0A 1200 651 77 70 U+4E4B 1005 892 39 41 U+751A 1365 946 62 59 U+4E5F 1058 785 63 47 U+65E5 422 430 42 41 U+4E8C 215 884 74 39 U+9280 221 572 82 51 U+4E4B 583 504 47 75 seg_fp 1290 447 65 57 U+4E4B 1446 755 50 77 U+5FC5 575 1006 77 49 U+5FC5 1359 740 69 36 U+4E4B 502 307 48 68 U+77E3 287 254 108 90 U+6B0A 313 347 84 60 U+884C 406 607 75 96 U+554F 420 933 52 43 U+4E4B 818 922 33 45 U+722D 915 780 52 55 U+4EBA 1211 808 66 35 U+F967 579 979 59 30 U+4E4B 509 1007 42 37 seg_fp 665 534 37 35 U+4E4B 993 314 46 72 U+4E4B 422 958 45 68 seg_fp 344 400 45 44,20220627_33
U+9293 608 489 88 86 seg_fp 716 824 64 47 U+6CF0 1479 544 62 58 U+8AEB 1388 291 74 61 U+505C 1301 366 73 73 U+842C 1225 457 73 70 U+4E8B 1021 801 65 67 U+9084 1015 690 66 59 U+4E0A 704 211 72 54 U+671B 702 943 108 92 U+6B66 715 329 71 61 U+8ACB 1016 868 72 67 U+6536 1014 752 71 51 U+66F0 1467 255 65 48 U+F967 925 313 62 48 U+8ACB 1232 963 90 80 U+5141 928 357 74 67 U+912D 1230 529 72 58 U+66F0 704 267 81 62 U+73ED 704 392 87 69 U+4E0A 1071 212 60 52 U+65E8 708 762 72 61 U+5DDE 1009 417 56 45 U+66F0 926 266 56 46 U+4E0A 1305 198 61 51 U+65BC 714 652 81 53 U+4E0A 1469 199 59 52 U+53EF 712 535 59 55 U+66F0 1309 253 63 51 U+653E 1390 584 78 60 U+4E4B 1395 711 84 61 U+7DAD 1226 589 83 62 U+5E9C 1008 460 63 54 U+91CB 1400 648 67 67 U+4E5D 1228 418 60 41 U+7169 1317 481 76 87 U+4EE5 1001 315 59 42 seg_fp 1309 306 58 54 U+52FF 1073 311 57 48 U+52FF 1316 435 59 47 U+4E5F 623 691 75 61 U+5357 1222 355 69 68 U+7169 1068 356 85 59 U+53EF 632 633 61 65 U+5CB3 1226 651 97 92 U+8A00 613 355 71 79 U+8CC7 1007 623 66 65 U+53C8 1202 248 83 72 U+66F9 602 581 94 53 U+4E0A 917 210 58 56 U+4E8E 623 432 63 63 U+66F0 1070 261 68 51 U+4F9D 1469 308 74 58 U+8208 1396 502 69 78 U+52A0 1004 567 75 57 U+4E2D 721 463 63 57 U+7FA9 1010 379 47 38 U+627F 700 706 89 52 U+53C8 997 266 58 50 U+5C39 1008 511 63 71 seg_fp 705 590 76 64 seg_fp 1492 427 43 48 U+64EC 695 873 101 73 U+554F 1256 823 52 42 seg_fp 1469 599 58 50 seg_fp 1468 652 61 51 U+4E4B 1148 257 55 62 seg_fp 456 541 94 139 seg_fp 1009 353 40 29 U+62FF 1233 738 86 59 U+5927 1389 240 60 53 U+4EE5 1212 315 83 41 U+8ACB 1452 350 31 56 U+6536 1455 463 49 51 seg_fp 386 419 80 104 seg_fp 1253 792 51 33 U+547D 1394 770 90 82 seg_fp 1450 421 37 41 U+4E8B 615 264 67 88 U+5341 552 240 53 35 seg_fp 1479 474 66 62 U+91D1 1393 354 52 74 U+5553 1476 370 60 57 seg_fp 995 207 74 58 seg_fp 491 639 74 113 seg_fp 726 500 46 36 seg_fp 1399 820 80 82 U+4E8B 1232 865 82 118 seg_fp 1221 202 70 58,20220627_54
U+9A5B 654 909 57 47 U+7A4D 344 559 56 52 U+91CB 783 422 57 51 U+96DC 652 551 59 52 U+8B80 784 372 53 49 U+6E90 1039 284 50 39 U+914D 978 281 53 45 U+91CB 591 680 51 47 U+6A19 293 371 47 45 U+7C4D 903 597 58 53 U+932B 406 344 47 42 U+914D 909 422 62 42 U+653E 527 532 50 43 U+7A4D 895 787 57 52 U+5175 1226 852 38 37 U+985E 654 267 50 47 U+7C4D 595 926 46 47 U+9A5B 1037 320 49 43 U+914D 650 401 64 40 U+4ECD 980 239 48 44 U+4ECD 655 359 54 43 U+4ECD 1158 249 49 39 U+61C9 592 197 45 42 U+7ADD 661 313 45 44 U+932B 1282 307 45 40 U+91CB 791 526 46 43 U+4ECD 785 570 51 46 U+6F0F 463 643 60 43 U+F9B6 1162 911 46 37 U+6F0F 587 418 53 43 U+F9B6 1029 876 44 35 U+93E1 656 823 55 45 U+6B64 657 232 43 36 U+540D 894 994 52 47 U+914D 1219 678 53 40 U+6C7A 530 235 43 38 U+7C4D 467 685 54 51 U+4ECD 1216 633 50 45 U+7F6A 897 948 50 48 U+914D 463 454 47 35 U+914D 789 747 50 35 U+7C4D 588 464 50 53 U+82E5 595 973 41 41 U+6797 595 240 49 40 U+7A4D 1329 901 46 42 U+58E4 977 381 51 50 U+4EE5 658 517 51 34 U+8005 735 751 43 36 U+4EE5 297 881 46 35 U+6CD5 790 927 48 34 U+4ECD 912 379 53 43 U+79E9 652 778 59 48 U+7686 786 333 48 39 U+914D 1279 946 43 38 U+6F0F 727 666 49 37 U+4ED8 299 330 41 42 U+5211 1282 591 40 39 U+671D 350 317 49 45 U+7C4D 530 465 43 42 U+6F0F 590 890 49 35 U+65B7 1336 276 47 41 U+5224 1283 630 40 44 U+5225 731 786 50 44 U+8B80 1099 280 51 50 U+7C4D 535 956 44 43 U+4EAC 965 850 42 40 U+914D 1332 484 54 37 U+72AF 404 502 50 37 U+81E3 1284 523 36 35 U+6176 1042 240 45 43 U+5148 1282 482 40 40 U+5B89 1033 780 39 33 U+7232 1282 559 40 33 U+6F0F 526 429 44 35 U+4ECD 1277 902 49 44 U+5B89 1338 611 39 32 U+58FD 730 402 38 37 U+57CE 658 865 55 47 U+6797 1031 844 45 34 U+F9C4 960 981 50 42 U+4ECD 1160 672 43 36 U+4F9D 296 643 44 37 U+653E 590 645 46 34 U+4ECD 720 241 50 41 U+4ECD 1100 383 43 44 U+81E3 1337 766 40 35 U+96DC 408 457 44 45 U+59CB 295 803 48 40 U+65E3 590 568 50 49 U+5553 295 418 42 41 U+6642 1283 675 39 36 U+914D 962 786 54 39 seg_fp 1398 490 42 42 U+7136 356 664 43 40 U+660E 723 198 44 44 U+653E 1279 267 47 40 U+7576 1278 225 40 41 U+679C 1389 618 43 35 U+6236 791 844 42 36 U+72AF 655 602 62 39 U+59BB 1094 702 46 39 U+4E8B 975 551 37 37 U+5DDE 1032 813 41 32 U+7FA9 1395 347 44 41 U+5FE0 1392 789 42 42 U+9032 904 747 56 44 U+9053 299 947 49 38 U+66F0 730 439 40 31 U+758F 523 198 52 41 U+59CB 1282 984 39 30 U+F90A 475 785 48 45 U+6F0F 902 554 62 43 U+7ADD 461 197 43 46 U+914D 1096 430 55 38 U+58FD 656 469 52 49 U+6B7B 1386 913 55 40 U+540C 1036 442 47 43 U+4ECD 1033 665 46 42 U+66F0 1285 392 35 27 U+58E4 1092 521 54 54 U+985E 537 998 46 44 U+914D 1161 708 46 33 U+6B64 534 576 37 31 U+914D 721 279 47 33 U+66F0 1336 942 34 30 U+6E90 1162 813 45 36 U+985E 591 521 45 47 U+5EEC 1226 916 37 39 U+8B02 474 931 48 50 U+540C 728 471 48 45 U+7C4D 788 883 49 43 U+6B64 593 726 40 37 U+914D 655 744 51 35 U+5DF2 796 807 44 39 U+662F 731 514 42 41 U+66F0 413 422 40 33 U+5BB6 729 593 43 37 U+7A4D 465 549 55 60 U+96F2 1165 950 42 40 U+9032 975 586 39 39 U+5D14 1164 411 38 37 U+4E8B 1224 419 36 38 U+7232 306 983 41 31 U+9A0E 1223 812 42 41 U+58FD 301 842 43 39 U+5317 298 916 45 31 U+66F0 483 976 38 31 U+7537 1033 910 39 40 U+4E0A 657 166 41 37 U+7ACB 975 514 39 38 U+59CB 911 464 50 36 U+F967 593 614 44 31 U+5B9A 656 705 50 41 U+800C 730 630 39 35 U+653E 534 699 44 44 U+9032 596 317 37 43 U+9000 357 766 40 36 U+6C92 528 304 46 38 U+4ECD 466 415 47 38 U+985E 534 606 40 45 U+8D66 352 455 47 43 U+59CB 655 439 54 34 U+6240 1283 711 38 35 U+7686 351 388 44 40 U+8005 422 865 35 26 U+7FA9 1391 748 39 41 U+96D6 351 630 45 36 U+6709 373 1020 40 40 U+F90A 1391 530 48 39 U+4ECD 969 753 43 35 U+914D 1026 711 59 40 U+4ECD 1090 1012 58 38 U+6C7A 1283 745 38 36 U+7344 1382 985 49 35 U+6F0F 529 917 50 37 U+7B49 419 835 38 30 U+4ECD 791 712 45 35 U+653E 463 246 47 38 U+96E3 1335 228 47 52 U+81E3 358 706 39 39 U+985E 468 346 42 42 U+8B80 1032 538 52 54 U+6734 1166 884 40 27 U+5247 904 914 44 32 U+9001 464 283 44 35 U+57CB 530 273 41 33 U+6055 297 234 43 38 U+611B 974 472 44 44 U+66F0 344 196 53 43 U+80C4 413 384 36 38 U+751A 1390 1020 41 40 U+5CB3 1341 642 38 38 U+800C 482 830 36 29 U+F981 1094 742 50 48 U+662F 1393 651 40 42 U+8302 1225 746 40 40 U+58FD 1286 1013 38 43 U+79E9 903 708 51 39 U+6B64 1386 953 39 35 U+4EE5 599 1014 43 37 U+4ECD 1340 447 41 37 U+66F0 658 202 41 31 U+5974 300 1013 62 44 U+F9B6 1094 789 42 33 U+F9C4 1224 357 46 37 U+5B98 362 923 46 38 U+5211 361 893 36 31 U+59CB 725 372 43 31 U+5B9C 728 335 38 38 U+7F6A 597 788 39 35 U+66F0 595 388 39 31 U+4E4B 791 469 40 34 U+8B80 968 628 59 60 U+6176 1160 768 45 47 seg_fp 418 892 42 37 U+8207 366 860 33 35 U+8005 302 276 35 29 U+914D 1163 289 56 38 U+4E8B 481 892 34 38 U+58FD 913 498 42 38 U+F967 350 427 44 28 U+9054 598 361 34 28 U+5168 732 554 43 39 U+59CB 1337 519 42 31 U+4E8B 601 279 36 42 U+5DDE 1163 382 40 29 U+F90A 1336 678 46 44 U+4EA6 355 359 38 33 U+4EE5 982 325 39 27 U+82F1 1168 1041 44 43 U+5247 537 882 38 34 U+7B49 596 761 34 26 U+F90A 1093 599 56 43 U+6B64 467 317 38 35 U+4EE5 1223 718 37 28 U+6545 1163 854 42 31 U+4ECB 1040 415 40 30 U+5FE0 1397 389 42 40 U+4EE5 1043 211 40 31 U+F99A 1099 664 39 40 U+6734 1225 889 41 29 U+4FCA 1161 1007 50 36 U+6734 1223 329 48 31 U+4EE5 1160 327 41 29 U+7F6A 408 207 41 39 U+6734 1039 383 45 31 U+7C4D 731 707 46 47 U+4EE5 1220 223 43 36 U+5247 789 682 43 32 U+6B64 484 1004 39 41 U+4EE5 470 606 49 33 U+8B80 1160 564 50 49 U+5148 351 273 37 43 U+8CB4 1165 454 37 41 U+5BB6 414 565 37 31 U+77E3 356 516 34 42 U+59CB 418 978 51 41 U+77E3 1345 311 36 40 U+59DC 982 433 38 43 U+53EF 298 198 36 37 seg_fp 1163 622 38 50 U+4EE5 963 822 45 30 U+9032 929 202 39 47 U+66F0 1399 316 43 31 U+6216 414 647 38 46 seg_fp 406 244 51 40 U+4E8B 1168 498 33 36 U+914D 781 614 54 39 U+66F0 354 609 41 24 U+6B64 898 874 50 40 U+9054 300 461 40 34 U+7532 1227 392 35 28 U+800C 798 781 31 28 U+4ECA 798 960 33 25 U+792A 1335 720 47 48 U+6E1B 417 801 50 38 U+9577 1223 784 37 32 U+7BC0 1094 819 43 39 U+5B50 1045 361 36 26 U+5BB6 661 668 48 37 U+4E8B 1100 860 33 25 U+4EE5 1034 750 37 30 seg_fp 1095 963 44 46 U+5247 1290 451 30 29 U+91CD 594 823 38 39 U+7232 302 680 38 35 U+58FD 430 1014 41 48 U+8B80 1215 493 54 63 U+53EF 532 505 37 31 U+5982 303 519 39 32 U+6C11 484 857 38 38 U+751F 1231 958 30 26 U+76F8 365 960 35 28 U+4F55 303 492 35 28 U+8B70 365 985 46 36 U+65B9 797 980 33 33 seg_fp 296 587 38 55 U+F967 1337 1023 37 35 U+5247 473 389 34 27 U+7121 411 713 48 42 U+4E5F 1392 225 53 35 U+5E73 986 351 30 28 U+5247 1396 832 35 25 U+8B80 918 247 56 59 U+4EE5 1162 742 41 29 seg_fp 1101 332 39 50 U+77E3 1393 692 37 37 U+5247 796 497 36 31 U+840A 1226 286 39 45 U+9032 1165 532 40 35 U+4F3C 725 312 41 31 U+4E5F 1281 779 39 36 U+5982 409 279 47 55 U+9032 1109 248 31 31 U+5B89 1161 355 41 28 seg_fp 1162 197 40 39 U+914D 1095 1047 61 39 U+7B49 361 742 34 25 U+540F 648 952 72 47 U+4EE5 1097 467 42 29 U+5F8C 362 825 38 37 U+58FD 1340 547 36 40 U+4E4B 360 493 29 28 U+5BB6 909 677 40 34 U+616E 529 363 44 40 U+6B64 1285 419 33 34 U+5E73 1101 494 34 28 U+800C 1400 722 29 25 U+F967 1391 887 40 27 U+80C4 1287 346 38 42 U+4EBA 961 891 52 34 U+5168 409 536 44 34 U+6B64 1335 973 32 31 U+4E0A 972 699 35 33 seg_fp 798 646 34 37 U+8CCA 961 919 53 46 U+9032 1097 882 38 36 U+7232 534 343 36 29 U+7136 536 836 42 46 U+5247 538 405 35 26 U+4E4B 742 827 27 28 U+4EBA 1097 571 54 31 U+66F0 972 730 35 24 U+4E8B 1231 982 30 44 seg_fp 418 597 30 29 U+4E0A 538 785 30 31 U+66F0 1223 605 36 27 U+6771 1225 258 32 32 U+65BC 600 857 36 31 U+59CB 1396 260 42 28 U+51FA 359 799 36 34 U+F967 538 650 31 34 U+9032 1225 457 34 37 U+66F0 539 815 32 23 U+4E8B 967 1041 35 41 U+5343 1098 642 29 27 U+8B80 1091 916 56 44 U+4E8B 1038 481 30 31 U+53EF 420 752 31 29 U+4E0A 920 322 39 36 U+6BBA 1401 460 32 31 U+5FC5 787 300 48 31 U+5168 908 647 46 35 U+59D1 1390 856 44 35 U+4E0A 1219 577 39 37 U+66F0 922 354 37 25 U+58FD 1399 283 40 38 U+4E8B 1341 802 28 24 U+4E8B 1030 952 38 51 U+7236 1390 578 45 41 U+8B80 1337 856 49 46 U+7533 797 1007 35 49 U+4E0A 1342 400 32 32 U+7ACB 963 1020 39 31 U+4E5F 465 502 46 46 U+4E0A 1041 613 30 33 U+4E2D 477 731 42 54 U+9032 1340 825 33 33 U+5247 301 303 35 27 U+5168 654 638 63 37 U+4EE5 913 532 40 26 U+66F0 1284 859 35 39 seg_fp 1398 428 36 41 U+4EE5 417 775 40 26 U+4E8B 1108 218 29 33 U+5B50 1174 987 30 23 U+F967 416 687 35 28 seg_fp 986 209 39 29 U+F967 788 276 44 36 U+66F0 1341 427 33 24 U+66F0 1039 644 34 22 U+5247 1340 998 29 25,20220627_12
U+7406 921 625 112 94 U+524D 1179 765 109 107 U+5728 624 704 98 93 U+5927 1295 155 101 108 U+5F85 338 364 110 115 U+7B49 1425 308 102 79 U+6709 1062 610 93 91 U+81E3 1425 223 83 89 U+8A00 924 714 99 99 U+7D20 1183 499 98 102 U+4F55 362 784 96 80 U+6B64 228 365 78 71 U+81F3 647 944 96 101 U+4E8B 928 513 96 108 U+5982 364 858 106 83 U+5FA9 355 661 123 118 U+53C8 1188 314 106 80 U+5FC5 1039 523 134 91 U+81F3 1433 872 100 137 U+4EE5 333 302 106 67 U+5019 1301 737 122 111 U+738B 1314 263 74 71 U+5E73 362 563 77 90 U+59D1 484 447 102 74 seg_fp 480 541 104 113 U+6182 1428 578 88 78 U+5BE7 1318 896 95 150 U+60A3 618 587 103 120 U+6240 626 800 103 75 U+5247 1180 713 104 62 U+5FC5 627 883 103 72 U+6DFB 613 309 120 113 U+65E5 1194 987 72 61 U+50B7 608 425 118 101 U+7B49 389 996 82 61 U+6BBF 1297 535 127 95 U+5C07 215 281 114 89 U+9000 521 862 90 112 U+5983 1295 432 108 94 U+81E3 387 944 79 54 U+4F0F 481 220 108 95 U+884C 1195 381 79 91 U+672A 1317 840 90 68 U+5B50 1053 188 110 109 U+982D 1169 865 122 123 U+6DFB 1074 728 78 92 U+50B7 1044 830 125 114 U+5927 1310 332 86 112 U+F967 1410 383 116 76 U+60A3 944 181 89 129 U+591A 1067 436 72 77 seg_fp 497 741 110 122 U+65E5 532 977 75 74 seg_fp 242 679 66 66 U+F967 328 222 99 72 U+610F 233 453 70 71 seg_fp 492 656 96 100 U+4E2D 1188 194 85 97 U+4E4B 649 514 63 85 U+4E4B 1066 338 88 60 U+4EE5 932 457 98 62 U+767D 308 623 56 51 U+81B3 1147 613 148 99 seg_fp 1431 730 95 76 U+96D6 903 329 130 121 seg_fp 502 324 86 95 U+4E4B 1086 935 70 102 U+4E4B 1442 803 66 79 seg_fp 1454 483 86 81 seg_fp 728 201 99 147 U+4E4B 916 797 96 158 seg_fp 762 316 69 101 seg_fp 1070 400 68 44 seg_fp 221 523 88 157 seg_fp 1407 483 74 95 U+8033 240 737 88 117 seg_fp 725 528 97 145 U+8B49 1293 642 107 99 seg_fp 1065 296 74 55 U+7A1F 294 518 65 97 seg_fp 515 397 67 59 seg_fp 233 435 57 36 seg_fp 820 785 33 52,20220627_67
U+5F8C 651 535 92 92 U+7CBE 375 487 79 78 U+5019 659 255 104 86 U+F967 660 623 71 51 U+773C 375 422 78 63 U+4E0A 477 179 76 54 U+53F3 286 646 63 71 U+898B 481 297 81 71 U+6108 656 712 75 61 U+4E91 658 774 67 61 U+66F0 287 576 80 74 U+5B98 466 654 86 67 U+4F55 299 296 68 75 U+6C23 639 893 86 96 U+53F3 766 245 84 78 U+9249 379 216 79 78 U+660E 366 819 72 61 U+660E 380 573 70 67 U+773C 660 181 107 69 U+66F0 389 292 74 65 U+66F0 482 237 74 61 U+80DE 367 703 84 68 U+751A 640 989 92 84 U+4E5F 285 719 64 67 U+4E5F 476 471 75 70 U+66F0 767 330 73 65 U+9032 460 851 89 82 U+91AB 465 543 88 114 U+8036 292 458 76 119 U+6545 564 332 81 53 U+53D7 655 344 94 105 U+4E0A 374 644 66 58 U+800C 467 930 62 51 U+9000 456 983 78 72 U+4E4B 492 364 55 51 seg_fp 658 444 75 92 U+4E0A 307 175 57 51 seg_fp 571 386 71 60 U+65E5 659 840 58 54 U+71B1 573 237 71 71 U+66F0 303 231 61 53 seg_fp 661 674 60 43 U+6709 469 1051 61 48 U+53EF 492 415 54 54 U+937C 728 449 112 101 U+8F29 466 727 80 95 U+9084 300 393 74 76 U+65B9 516 818 37 49 U+F967 371 769 74 47 seg_fp 579 436 59 83 U+66AB 423 766 37 59,20220627_7
U+59CB 579 365 115 97 U+4F7F 299 625 105 104 U+53F8 1068 485 100 111 U+7136 747 340 104 107 U+6D77 412 208 135 109 U+805E 584 460 113 99 U+53CA 1052 591 118 131 U+5750 1388 814 98 102 U+4F86 607 783 95 115 U+99AC 1389 935 111 109 U+5176 599 560 90 92 U+4EE5 1192 523 116 83 U+5176 1386 708 85 101 U+76E3 1049 348 106 112 U+4E4B 323 726 70 75 U+F967 731 448 117 76 U+7232 459 748 107 129 U+F967 443 677 118 74 U+800C 1225 766 87 87 U+7232 911 464 114 124 U+53F8 460 479 91 104 U+4E0D 895 344 106 91 seg_fp 1222 873 116 132 U+5B98 897 210 106 125 seg_fp 348 990 76 83 U+9060 282 391 122 106 U+9000 1192 205 103 113 seg_fp 309 838 104 113 seg_fp 735 530 84 86 U+4E4B 467 613 70 64 U+5F85 1069 901 120 124 U+6D77 1022 205 125 119 U+5230 742 790 98 139 U+63A5 280 524 131 109 U+5F15 1318 206 99 121 seg_fp 957 665 78 63 U+4E58 1363 563 106 143 U+4EC1 1345 424 100 108 seg_fp 444 334 91 79 seg_fp 1239 674 90 81 seg_fp 242 266 165 91 U+5831 449 935 132 115 seg_fp 1177 639 77 111 seg_fp 1238 609 79 89 U+7387 571 666 126 117 seg_fp 770 244 71 86 U+652F 1077 718 91 118 U+652F 691 886 48 60 seg_fp 961 631 71 45 U+5F85 693 947 51 46 seg_fp 305 1003 63 70 U+5DDE 598 193 102 148 U+5B98 699 992 40 46 seg_fp 625 932 66 46 U+6545 902 924 130 108 seg_fp 444 410 90 65 U+53CA 696 1039 51 51 seg_fp 780 942 69 77 seg_fp 355 954 59 37 seg_fp 916 748 74 61 U+9EC3 600 971 114 95 seg_fp 626 901 52 35 seg_fp 752 626 43 55 seg_fp 790 195 52 47 seg_fp 1220 459 82 52 seg_fp 478 582 46 40 seg_fp 1074 430 73 55 seg_fp 796 737 36 42 U+4E00 1341 365 98 76 seg_fp 1380 535 55 35 seg_fp 508 903 77 83,20220627_58
