image_id,labels
test_1,U+9084 1370 191 64 50 U+9084 1140 320 62 43 U+5165 1359 241 76 36 U+5165 1128 366 83 47 U+5165 1035 868 93 50 U+55AE 1367 268 60 54 U+55AE 1137 232 66 44 U+5B50 1373 320 57 38 U+5B50 1149 275 54 41 U+4EE5 1357 360 73 37 U+4EE5 1136 488 57 43 U+4EE5 1035 683 83 33 U+4EE5 418 627 76 31 U+52A0 1370 401 61 35 U+52A0 1127 533 68 35 U+8CC7 1361 435 70 60 U+8CC7 1131 572 67 61 U+6539 1359 501 68 44 U+6539 1123 638 66 44 U+4ED8 1355 546 75 42 U+4ED8 1131 692 69 41 U+6A19 1353 601 82 49 U+6A19 1125 740 79 47 U+53EF 1352 640 61 57 U+53EF 1211 650 52 43 U+53EF 1129 787 70 49 U+4E5F 1335 696 114 70 U+4E5F 1126 831 106 124 U+6176 1346 922 75 81 U+6176 516 1041 86 61 U+4E00 1357 1005 61 26 U+6703 1366 1036 64 46 U+4E4B 1280 183 81 54 U+4E4B 1043 908 59 49 U+4E4B 896 1048 54 49 U+4E4B 517 621 50 37 U+4E4B 286 380 54 143 U+7236 1287 241 72 40 U+4EA6 1290 283 59 37 U+4EA6 1212 261 59 44 U+4EA6 1139 453 59 45 U+5DF2 1298 318 63 34 U+5DF2 1216 307 59 38 U+5DF2 985 570 64 53 U+8EAB 1286 356 59 50 U+6B7B 1284 410 71 32 U+6B7B 1209 345 71 42 U+4E91 1293 436 47 44 U+4E91 925 297 68 49 U+8036 1285 530 65 123 U+8036 1041 986 75 106 U+58FD 1267 650 68 58 U+58FD 1006 193 56 53 U+58FD 648 193 73 59 U+8208 1267 701 68 56 U+8208 993 251 68 41 U+8208 644 258 87 50 U+66F0 1264 760 79 55 U+66F0 1148 192 56 38 U+66F0 1075 190 63 42 U+66F0 1002 287 57 38 U+66F0 660 313 79 38 U+66F0 274 201 62 49 U+547D 1260 867 92 69 U+7D66 1280 937 52 41 U+98DF 1284 980 53 36 U+7269 1268 1017 93 65 U+800C 1216 187 53 34 U+800C 986 677 53 36 U+6B64 1201 221 81 46 U+6B64 1134 407 67 45 U+5802 1217 380 52 48 U+5802 672 525 54 45 U+4E0A 1214 425 54 42 U+4E0A 1139 145 61 45 U+4E0A 1065 142 61 50 U+4E0A 677 573 51 34 U+4E0A 275 165 58 38 U+8D08 1200 466 75 50 U+8077 1214 503 65 72 U+4F3C 1207 615 59 36 U+77E3 1206 702 62 56 U+77E3 724 180 82 86 U+77E3 426 568 67 48 U+90FD 1062 237 73 65 U+90FD 587 476 67 57 U+76EE 1071 301 57 56 U+653F 1054 355 81 52 U+653F 884 798 82 63 U+5C19 1054 405 70 58 U+4ECA 1061 461 59 46 U+F967 1061 503 63 43 U+7232 1096 541 41 35 U+7232 959 1037 70 53 U+7232 891 1012 61 43 U+7232 279 328 66 45 U+5B9A 1049 550 71 57 U+596A 1046 605 72 81 U+5175 1040 720 75 35 U+5175 986 337 70 44 U+5175 411 663 88 44 U+5224 1041 760 82 60 U+5224 668 1045 90 35 U+5224 567 196 81 54 U+5224 434 742 52 44 U+75C5 1043 830 77 43 U+6545 1038 951 76 45 U+6545 966 868 62 39 U+66F9 980 378 79 38 U+66F9 968 783 68 39 U+66F9 910 415 66 40 U+66F9 676 990 67 48 U+66F9 571 648 84 35 U+66F9 422 707 74 30 U+8912 980 417 79 63 U+8912 921 177 70 71 U+8912 900 453 86 67 U+8CB6 978 476 83 64 U+8CB6 924 252 80 56 U+8CB6 899 518 78 53 U+5247 991 541 53 35 U+5247 589 432 62 46 U+884C 986 627 53 54 U+884C 510 712 63 44 U+540F 970 713 72 65 U+540F 912 347 74 76 U+6709 971 823 52 44 U+6709 516 450 51 53 U+660E 967 911 69 50 U+65E5 968 957 62 41 U+59CB 960 986 81 61 U+5F8C 894 575 88 72 U+5927 894 760 67 46 U+7576 900 858 59 44 U+6B21 891 906 70 50 U+7B2C 891 961 59 60 U+5BA3 651 350 78 62 U+60E0 647 401 89 80 U+5EF3 655 480 88 48 U+5EF3 582 942 95 48 U+4E2D 669 601 80 99 U+4E2D 516 805 53 36 U+9594 650 700 97 51 U+9594 563 287 90 49 U+9F0E 675 752 72 50 U+91CD 675 801 57 49 U+91CD 593 386 55 44 U+5728 678 851 69 37 U+5916 687 885 52 51 U+6236 682 938 81 54 U+6236 592 601 61 41 U+66F8 589 246 59 36 U+66F8 434 780 69 43 U+7DAD 573 336 81 50 U+76E3 569 536 97 69 U+517C 585 687 71 45 U+5BDF 589 733 71 55 U+5BDF 334 200 87 57 U+7121 591 798 76 38 U+7121 516 310 56 43 U+6687 594 828 85 53 U+672C 612 880 57 50 U+4E8B 610 977 54 55 U+4E8B 517 947 61 46 U+52D9 599 1025 75 55 U+4E3B 501 193 59 47 U+7BA1 512 247 55 61 U+4EBA 504 348 72 50 U+591A 515 390 59 63 U+7A4D 503 498 73 67 U+6EEF 498 571 75 60 U+60A3 508 657 62 44 U+77E5 493 760 90 43 U+6A1E 506 848 79 45 U+5E9C 509 895 63 53 U+F9E1 514 993 76 44 U+5104 428 193 69 64 U+4EA4 435 255 60 50 U+4EE3 416 302 85 63 U+6642 425 371 70 42 U+672A 431 420 61 33 U+5DEE 433 446 64 60 U+5DEE 428 998 72 45 U+51FA 431 511 54 55 U+91D1 428 825 68 43 U+842C 429 866 66 54 U+57FA 425 922 81 70 U+4E0B 450 1042 51 48 U+4EFB 343 262 72 50 U+4F55 351 317 70 54 U+5982 343 372 83 63 U+4F9D 270 266 81 61
test_24,U+5929 1501 198 48 46 U+5929 1491 406 61 41 U+5929 1319 246 42 32 U+5929 1293 1010 43 39 U+5929 1217 884 53 42 U+5929 715 317 45 47 U+5929 419 256 67 59 U+9D5D 1486 235 65 56 U+9D5D 1309 284 54 46 U+9D5D 1282 1045 58 51 U+9D5D 1221 928 61 50 U+9D5D 708 369 71 70 U+9D5D 422 328 56 60 U+F967 1496 290 44 25 U+F967 1018 788 47 38 U+F967 655 828 48 34 U+F967 560 214 59 39 U+98DB 1484 321 67 53 U+5728 1495 366 42 48 U+5728 1492 522 50 38 U+5FC5 1476 440 71 39 U+5FC5 1410 644 69 41 U+5FC5 1228 753 55 35 U+5FC5 939 801 64 41 U+5FC5 405 384 78 54 U+6D6E 1491 475 48 52 U+6C34 1484 555 65 38 U+672A 1491 593 40 29 U+672A 796 410 40 46 U+5617 1487 623 47 53 U+4E0B 1477 678 62 29 U+4E0B 1100 688 33 29 U+6D32 1481 703 60 48 U+6E1A 1481 750 58 48 U+6C99 1475 792 51 42 U+5CB8 1475 831 58 55 U+800C 1472 874 51 40 U+800C 1291 735 41 40 U+800C 1029 906 40 33 U+800C 783 257 51 35 U+800C 666 957 37 46 U+800C 498 863 61 39 U+904A 1466 900 72 53 U+975E 1473 951 49 45 U+975E 514 751 44 40 U+7832 1462 986 67 49 U+7832 1407 705 73 41 U+7832 1155 950 59 56 U+7832 1021 434 67 50 U+7832 503 827 71 45 U+4E38 1470 1032 59 51 U+5247 1431 200 55 50 U+5247 1155 642 59 35 U+5247 1104 458 45 39 U+5247 784 538 60 41 U+5247 713 258 53 28 U+83AB 1427 249 54 57 U+83AB 1081 902 55 61 U+83AB 490 225 54 44 U+80FD 1435 304 52 31 U+4E2D 1425 335 53 68 U+4E2D 1283 827 54 53 U+4E2D 803 619 33 48 U+81EA 1435 394 38 61 U+81EA 945 631 49 51 U+81EA 721 700 45 60 U+53E4 1425 450 47 40 U+85A6 1417 489 59 68 U+737B 1413 551 69 61 U+6642 1421 616 54 29 U+4EE5 1410 684 61 25 U+4EE5 1081 821 53 47 U+4EE5 1032 409 47 31 U+4EE5 1015 755 52 33 U+4EE5 950 723 48 37 U+4EE5 944 842 58 31 U+4EE5 779 286 57 36 U+4EE5 786 885 49 24 U+4EE5 504 785 48 37 U+4EE5 420 443 59 22 U+624B 1429 735 38 49 U+624B 1155 996 45 42 U+624B 1037 478 30 42 U+4E4B 1411 780 62 41 U+4E4B 1404 992 51 40 U+4E4B 1351 976 49 33 U+4E4B 1254 623 19 38 U+4E4B 1111 740 19 38 U+4E4B 1052 260 12 39 U+4E4B 657 385 28 47 U+4E4B 667 623 19 41 U+4E4B 514 401 26 39 U+4E4B 446 683 21 33 U+6240 1412 817 57 43 U+6240 1171 383 50 27 U+6240 1159 1045 47 28 U+6240 1022 514 58 27 U+6355 1415 859 48 47 U+6355 1099 198 56 52 U+6355 1008 546 66 56 U+6355 498 896 65 61 U+8005 1419 907 37 37 U+8005 1317 334 47 38 U+8005 1240 366 56 48 U+8005 516 957 50 49 U+8005 430 584 46 42 U+7528 1412 937 47 55 U+7528 427 628 49 53 U+4F8B 1401 1029 61 46 U+4F8B 715 655 71 44 U+4E5F 1366 212 65 37 U+4E5F 1347 851 62 30 U+4E59 1382 240 46 44 U+536F 1375 283 52 46 U+5E74 1374 323 50 50 U+67F3 1368 380 63 30 U+7232 1372 462 48 36 U+7232 1085 858 51 44 U+7232 950 497 54 37 U+7232 943 1010 48 27 U+7232 721 600 49 47 U+7232 577 462 39 36 U+5C19 1354 497 63 41 U+5C19 1345 665 62 23 U+5DDE 1373 539 41 42 U+7267 1354 585 59 36 U+4F7F 1364 616 50 42 U+4F7F 1232 589 49 45 U+4E43 1355 685 48 40 U+90FD 1354 726 49 48 U+6703 1354 770 49 41 U+5B98 1348 814 55 43 U+5B98 1353 935 53 42 U+5B98 1168 257 64 36 U+5B98 717 843 57 45 U+5DBA 1390 881 27 48 U+5357 1393 920 25 46 U+5404 1351 883 43 46 U+5404 1175 196 54 61 U+5404 724 798 42 43 U+9032 1337 1012 67 56 U+9032 1084 326 71 46 U+9032 1032 593 38 54 U+9032 938 1037 77 41 U+5C01 1307 192 56 49 U+5C01 1290 690 57 57 U+5C01 1099 371 55 47 U+5C01 1018 644 60 40 U+5C01 768 198 68 58 U+7686 1294 591 51 46 U+7686 1221 660 53 39 U+76E3 1294 640 50 52 U+76E3 1155 550 60 42 U+76E3 1151 677 52 48 U+4EAC 1295 778 45 51 U+4EAC 793 576 43 47 U+4EAC 717 1002 56 54 U+81F3 1280 877 75 42 U+751F 1287 911 38 46 U+751F 1218 846 47 35 U+751F 952 865 38 42 U+751F 791 662 42 41 U+751F 416 477 64 36 U+755C 1284 963 48 50 U+755C 792 704 54 66 U+6B32 1239 201 61 44 U+5C08 1264 254 29 35 U+5176 1241 291 63 44 U+5176 722 761 51 33 U+5176 591 961 46 45 U+5229 1242 333 63 45 U+5229 647 500 55 48 U+9670 1242 413 52 57 U+55FE 1229 473 69 56 U+9000 1214 701 69 49 U+4EE4 1220 788 64 48 U+4F86 1214 979 59 53 U+7D0D 1214 1034 62 56 U+7D0D 783 1042 66 39 U+7D0D 720 936 63 43 U+8A08 1172 285 50 51 U+8A08 584 827 58 62 U+7121 1167 337 64 50 U+7121 510 697 47 56 U+63AA 1163 408 62 61 U+5831 1164 468 57 52 U+5831 1144 771 60 44 U+4E8E 1169 519 36 30 U+4E8E 728 971 36 34 U+53F8 1173 599 37 43 U+53F8 1165 729 32 45 U+65B0 1193 748 35 49 U+F9B6 1146 820 66 61 U+66FA 1147 875 57 35 U+66FA 1083 557 60 45 U+66FA 646 1060 80 22 U+554F 1145 909 62 48 U+4EA6 1102 247 49 38 U+4EA6 667 1080 60 28 U+53EF 1109 284 33 35 U+53EF 1039 366 35 39 U+4E91 1099 418 45 34 U+4E91 635 272 51 43 U+79AE 1083 489 69 66 U+79AE 656 1008 56 48 U+53EA 1074 601 74 38 U+53EA 568 408 55 44 U+6191 1094 642 58 45 U+540F 1091 713 54 45 U+8A00 1084 770 56 56 U+8A00 666 911 40 52 U+91CD 1087 964 54 44 U+91CD 494 270 50 42 U+796D 1082 1016 63 54 U+4EAB 1027 185 56 79 U+4EAB 482 318 75 56 U+7269 1019 295 57 41 U+7269 494 439 60 37 U+4F55 1026 335 48 35 U+4F55 592 902 52 51 U+4F55 512 1009 49 36 U+8036 1019 683 59 76 U+8036 423 724 58 150 U+7576 1025 828 43 28 U+7576 780 835 61 51 U+7A1F 1026 864 41 43 U+7A1F 1023 981 55 53 U+6562 1013 938 60 43 U+5165 1026 1028 62 42 U+5553 946 196 74 51 U+8ACB 947 245 57 53 U+63A8 956 297 52 60 U+65B9 941 349 63 45 U+65B9 936 967 60 38 U+4F2F 945 400 67 47 U+4E14 933 454 79 39 U+5B9A 942 535 62 51 U+5F0F 940 584 68 54 U+4ECA 941 683 73 40 U+5F8C 935 761 71 41 U+79BD 941 904 72 67 U+79BD 430 508 55 87 U+662F 796 335 55 50 U+5982 787 385 64 25 U+5982 492 482 73 30 U+F9E0 795 447 33 40 U+5F97 787 485 53 50 U+8655 788 770 53 56 U+50F9 788 922 57 49 U+50F9 700 193 66 61 U+8CBF 781 986 61 49 U+4E00 703 293 63 19 U+7C73 726 432 47 56 U+5341 720 484 45 30 U+56DB 715 517 55 38 U+77F3 724 561 48 43 U+76F4 729 885 36 39 U+5009 630 209 60 58 U+8B00 621 423 82 76 U+6545 644 544 55 38 U+5374 643 579 67 49 U+72C0 650 659 61 48 U+9119 643 711 60 56 U+54C9 658 768 55 52 U+54C9 593 1055 46 49 U+8DB3 663 860 47 55 U+9867 557 261 66 54 U+6C11 576 306 46 44 U+5F0A 560 355 70 61 U+5978 567 504 64 31 U+8ECD 575 602 55 80 U+56CA 571 684 68 76 U+53C8 573 877 79 38 U+8B2C 584 1002 60 52 U+4E0A 504 376 37 31 U+5C71 504 518 45 21 U+732A 496 552 66 43 U+7350 492 589 66 43 U+9E7F 504 636 56 60 U+7368 496 1039 66 61 U+65BC 429 222 48 38
test_53,U+52FF 1469 246 63 64 U+52FF 244 321 62 44 U+7F77 1469 315 68 55 U+800C 1480 360 64 44 U+800C 1289 932 63 40 U+800C 1216 781 52 49 U+800C 982 742 48 46 U+800C 924 693 27 34 U+540C 1472 391 56 66 U+540C 329 258 57 63 U+672A 1490 693 41 57 U+77E5 1470 754 90 47 U+4F55 1484 791 55 39 U+4F55 1048 487 56 75 U+5982 1479 829 70 137 U+5982 1053 566 64 74 U+9818 1409 258 48 65 U+9818 1248 259 65 67 U+66F0 1411 320 52 55 U+66F0 1336 271 68 53 U+66F0 1270 339 50 39 U+66F0 967 378 68 50 U+66F0 637 266 70 44 U+66F0 546 326 77 45 U+66F0 469 269 74 51 U+66F0 399 358 54 36 U+66F0 233 261 82 55 U+7CBE 1406 371 65 56 U+6284 1406 420 57 55 U+5247 1421 482 38 55 U+5247 912 445 51 47 U+5247 634 462 52 60 U+5175 1399 529 63 51 U+5175 554 281 58 48 U+5175 555 370 61 45 U+66F9 1408 575 64 55 U+66F9 530 419 81 58 U+7576 1408 611 58 37 U+7576 1191 417 59 68 U+7576 1118 510 64 55 U+7576 1142 951 65 49 U+7576 784 650 42 52 U+7576 626 573 63 63 U+5F97 1454 638 42 52 U+4ED6 1448 694 46 33 U+4ED6 971 430 67 53 U+4EBA 1417 736 56 48 U+4EBA 960 473 80 49 U+77E3 1415 773 66 62 U+4E0A 1344 197 48 67 U+4E0A 643 199 41 59 U+4E0A 466 207 79 66 U+4E0A 256 214 51 52 U+79FB 1327 310 76 49 U+7D66 1329 363 71 57 U+53EF 1341 436 47 53 U+53EF 1126 361 43 46 U+53EF 966 544 65 34 U+53EF 648 354 32 41 U+53EF 612 832 48 48 U+4E5F 1335 479 73 93 U+4E5F 1058 995 75 60 U+4E5F 598 891 96 67 U+6A0A 1253 382 70 74 U+5DDD 1259 450 68 84 U+5E38 1266 534 58 61 U+6F22 1273 584 57 58 U+5169 1264 634 68 51 U+73ED 1279 676 62 55 U+4E4B 1289 723 47 42 U+4E4B 1129 612 43 47 U+4E4B 925 540 31 38 U+4E4B 785 757 38 36 U+4E4B 487 386 35 70 U+4E4B 389 854 61 46 U+5893 1273 770 75 83 U+591A 1284 833 67 73 U+5165 1284 891 68 39 U+6460 1300 968 67 58 U+8B77 1171 259 87 59 U+4F7F 1198 315 53 69 U+4F7F 902 489 58 61 U+4EE5 1191 375 62 47 U+4EE5 959 514 65 28 U+4EE5 910 726 47 46 U+7232 1197 478 49 47 U+7232 1202 624 65 57 U+7232 1130 749 52 41 U+7232 980 643 62 46 U+7232 774 340 75 46 U+7232 699 444 62 39 U+6398 1192 523 76 66 U+6398 1026 377 80 62 U+6398 890 584 78 45 U+6398 778 701 51 54 U+6398 694 490 71 48 U+6398 604 636 88 71 U+6398 606 760 78 59 U+51FA 1204 581 60 59 U+51FA 1051 437 53 51 U+51FA 913 630 48 56 U+51FA 715 537 43 41 U+9054 1196 675 64 76 U+9054 974 686 69 59 U+4E91 1198 738 66 45 U+4E91 1130 471 57 47 U+5176 1211 826 59 60 U+5176 1065 904 54 40 U+5176 911 764 47 50 U+5C71 1213 879 61 51 U+5C71 1119 653 71 67 U+5C71 1038 333 67 37 U+7121 1192 930 88 49 U+7121 514 674 73 86 U+907A 1200 981 86 52 U+6C7A 1113 265 58 46 U+F967 1122 318 51 41 U+F967 1136 916 60 38 U+F967 701 400 68 43 U+F967 632 303 60 46 U+F967 622 507 63 66 U+F967 609 704 68 49 U+F967 547 532 63 36 U+7528 1118 395 64 82 U+7528 1126 559 57 66 U+7528 1144 994 72 56 U+7528 974 586 60 60 U+7528 616 397 70 67 U+7528 442 326 97 65 U+4EA6 1127 707 78 48 U+659F 1124 793 72 61 U+914C 1138 854 64 65 U+79AE 1057 645 53 68 U+79AE 968 271 52 47 U+5224 1061 717 57 60 U+5224 953 329 75 55 U+5728 1058 782 53 56 U+5728 183 770 75 45 U+6B64 1051 839 63 63 U+6B64 906 398 50 46 U+4EFB 1046 955 67 42 U+8207 988 784 44 64 U+5C39 976 841 64 75 U+5929 979 898 52 44 U+8CDA 997 956 56 93 U+6709 907 281 32 44 U+7570 882 330 67 72 U+516C 895 802 63 63 U+9664 911 862 56 52 U+524D 910 917 64 46 U+524D 331 323 57 62 U+6545 911 962 56 44 U+6545 710 277 53 30 U+932B 910 1006 79 53 U+80C4 777 258 60 90 U+90FD 774 381 54 59 U+627F 773 438 66 57 U+6642 773 486 58 60 U+904E 764 529 69 55 U+5F8C 767 578 65 71 U+610F 759 780 63 69 U+5206 756 849 80 40 U+4ED8 747 895 78 46 U+5EE3 756 942 81 62 U+5DDE 744 997 102 56 U+81F3 695 300 70 65 U+4ECA 703 355 62 46 U+672C 553 470 53 59 U+5E78 523 566 74 68 U+4E8B 553 629 33 60 U+4E8B 384 987 63 65 U+4E8B 261 564 32 52 U+767C 485 771 115 57 U+843D 527 839 65 74 U+6562 531 917 63 54 U+7A1F 528 964 61 74 U+5927 389 250 57 53 U+61B2 391 305 65 51 U+91D1 399 391 61 56 U+58FD 395 454 58 85 U+8208 377 530 73 92 U+9084 370 623 81 65 U+6536 380 696 67 54 U+653E 384 753 74 46 U+91CB 382 800 54 55 U+547D 360 905 115 78 U+5553 334 401 58 51 U+505C 290 369 42 66 U+7169 235 367 72 74 U+4E0B 249 453 42 36 U+8AED 242 501 47 64 U+4EAC 179 797 61 47 U+757F 170 841 102 59 U+7825 178 888 79 42 U+5E73 178 936 59 37 U+5730 179 978 116 35
test_75,U+5404 790 240 57 64 U+5404 389 858 55 20 U+6A23 780 293 85 66 U+96DC 776 356 85 71 U+7269 780 425 75 56 U+7F6E 800 472 48 70 U+7C3F 793 538 72 72 U+8AE1 690 151 100 71 U+518A 696 226 80 66 U+518A 282 624 28 34 U+518A 352 807 36 47 U+6240 719 292 56 38 U+6240 672 539 34 42 U+5165 733 329 40 23 U+5165 666 564 46 30 U+5344 726 347 47 37 U+4E8C 731 376 52 30 U+4E8C 590 481 68 35 U+4E8C 470 439 56 31 U+4E8C 303 571 45 21 U+4E8C 668 880 27 25 U+4E8C 590 1014 40 20 U+7A2E 727 401 54 47 U+7A2E 672 607 38 29 U+9751 744 485 41 57 U+9751 701 876 35 47 U+7389 743 539 45 28 U+7389 706 914 31 23 U+9694 649 282 51 57 U+5341 661 430 39 29 U+5341 595 994 25 33 U+4E00 649 463 61 25 U+4E00 527 387 46 26 U+4E00 418 402 51 28 U+4E00 354 447 62 37 U+4E00 275 478 98 14 U+4E00 284 705 42 18 U+4E00 656 839 33 22 U+4E00 479 838 45 18 U+4EF6 653 483 63 52 U+4EF6 592 511 47 51 U+4E09 670 588 35 25 U+4E09 756 890 29 28 U+7D05 655 652 61 39 U+7D05 532 515 49 26 U+7D05 601 579 45 32 U+7D05 472 491 60 29 U+7D05 365 560 41 40 U+7D05 298 536 66 31 U+7D05 494 1019 36 25 U+7D05 364 1008 35 30 U+6BB5 664 683 71 49 U+6BB5 456 841 33 35 U+6BB5 311 844 40 33 U+5167 595 285 39 47 U+5167 532 289 46 45 U+5167 468 289 57 46 U+51FD 525 335 70 53 U+51FD 472 334 61 55 U+6731 537 478 33 35 U+6731 304 500 44 36 U+6822 536 569 47 46 U+6822 423 564 43 50 U+8CBC 610 644 43 36 U+8CBC 492 856 38 39 U+8CBC 392 1013 49 31 U+8CBC 351 907 44 30 U+91D1 613 676 42 29 U+91D1 535 910 48 36 U+91D1 452 957 34 33 U+7D2B 492 546 37 51 U+65B9 491 592 42 36 U+7DA0 481 620 71 32 U+7D2C 489 653 48 37 U+7D2C 364 594 52 37 U+5916 402 288 60 50 U+5916 349 297 54 52 U+5916 347 938 45 30 U+9ED1 422 481 49 39 U+6F06 435 525 42 35 U+5168 423 650 45 31 U+516D 415 679 57 27 U+516D 662 960 36 36 U+516D 539 1012 34 22 U+6BCF 422 705 50 31 U+6BCF 581 894 47 41 U+4E94 411 728 84 43 U+6392 278 298 76 58 U+6848 278 357 75 64 U+5E8A 276 425 85 50 U+5E8A 284 656 38 38 U+516B 304 618 39 14 U+677E 276 507 27 42 U+8B80 271 577 39 52 U+5949 745 703 58 65 U+5949 753 977 41 44 U+5B89 750 761 52 53 U+5B89 753 1006 53 30 U+9B42 749 810 45 55 U+6BBF 746 864 50 37 U+5E74 756 909 39 43 U+5F8C 756 951 56 33 U+5B97 767 1041 38 40 U+5EDF 749 1078 66 23 U+7C21 691 807 49 37 U+7528 700 848 34 41 U+7528 665 1012 39 47 U+9577 695 943 41 26 U+4E5D 700 965 48 22 U+5BF8 688 985 46 30 U+5BF8 663 862 31 24 U+4E03 701 1012 41 20 U+5206 702 1031 40 25 U+5206 659 897 37 30 U+5206 669 990 38 29 U+5EE3 654 807 42 44 U+539A 661 924 32 36 U+9020 621 803 40 37 U+79AE 626 841 42 33 U+5668 631 873 27 31 U+5C3A 628 908 39 26 U+9593 626 930 38 51 U+9593 587 926 39 36 U+9593 533 1038 53 33 U+6578 626 971 35 35 U+96A8 626 1006 31 35 U+6587 630 1027 33 33 U+4E4B 577 808 42 34 U+591A 589 838 24 29 U+5C11 588 871 35 30 U+523B 591 953 35 44 U+5B57 587 1035 36 30 U+5861 528 799 42 51 U+4EE5 534 851 40 25 U+4EE5 490 1004 41 17 U+4EE5 444 905 37 26 U+4EE5 360 987 37 23 U+6CE5 532 874 51 39 U+7DE8 526 943 50 37 U+7DE8 451 989 39 30 U+7D50 536 978 45 34 U+7232 496 807 29 30 U+4E0A 495 894 35 24 U+4E0B 496 916 33 27 U+982D 490 940 40 38 U+7CA7 490 974 35 34 U+9326 499 1043 39 39 U+9326 355 1035 40 50 U+7DDA 448 805 42 42 U+7DDA 312 799 36 51 U+4E14 451 880 40 33 U+934D 448 928 38 37 U+9435 448 1013 40 43 U+5169 446 1049 42 29 U+908A 401 805 43 54 U+6709 395 878 47 37 U+5713 399 909 44 49 U+74B0 395 953 49 32 U+9023 406 979 35 32 U+6210 399 1046 45 32 U+521D 357 853 34 32 U+7D42 355 879 34 30 U+9762 361 957 28 39 U+4F5C 305 884 50 35 U+8863 297 925 52 34
test_48,U+53EA 1482 255 58 65 U+7576 1503 312 33 48 U+7576 1351 557 63 48 U+7576 1274 475 60 66 U+5728 1491 354 43 37 U+4F4D 1480 390 55 42 U+6545 1489 441 51 41 U+6545 1508 693 40 54 U+6545 1256 267 70 55 U+4ECD 1490 484 60 71 U+6CF0 1491 545 54 62 U+5247 1494 607 44 31 U+5247 1027 581 55 44 U+5247 686 470 54 39 U+5247 362 479 53 45 U+5247 257 361 62 38 U+6562 1485 753 64 67 U+77E3 1496 819 84 72 U+77E3 1355 380 59 60 U+77E3 943 500 72 70 U+77E3 429 645 80 74 U+77E3 434 870 53 69 U+9818 1417 268 48 48 U+9818 1274 362 63 74 U+9818 672 271 70 72 U+66F0 1437 326 36 35 U+66F0 1344 501 70 65 U+66F0 1285 429 47 50 U+66F0 1186 293 57 30 U+66F0 1102 341 55 44 U+66F0 694 348 49 51 U+66F0 219 721 98 47 U+5176 1421 365 49 46 U+5176 930 673 60 46 U+5176 338 889 61 45 U+5974 1411 410 66 52 U+65BC 1438 613 36 43 U+65BC 1018 661 56 40 U+79AE 1425 656 52 60 U+5224 1417 726 71 51 U+8036 1428 777 50 121 U+8036 504 792 57 67 U+4E8B 1431 896 58 74 U+4E8B 1256 591 60 59 U+751A 1426 971 72 52 U+58EB 1347 220 61 32 U+7121 1330 271 87 66 U+7121 682 822 61 73 U+5F62 1337 333 67 50 U+80C4 1359 430 47 80 U+521D 1338 612 68 52 U+521D 1263 530 56 64 U+670D 1342 656 64 69 U+8272 1347 715 61 69 U+65E3 1349 778 54 62 U+65E3 433 764 64 61 U+5DF2 1361 836 49 40 U+78E8 1349 869 66 82 U+78E8 1018 373 62 90 U+934A 1323 946 98 88 U+934A 1027 462 51 75 U+4E5F 1256 325 72 48 U+4E5F 1268 710 60 71 U+4E5F 1190 559 65 86 U+975E 1246 641 81 66 U+4E0A 1178 201 55 66 U+52FF 1179 337 59 66 U+7D66 1167 403 88 83 U+7D66 672 548 77 62 U+53EF 1189 491 57 65 U+53EF 609 1005 50 55 U+53EF 344 370 68 42 U+5433 1088 278 63 65 U+5B88 1092 381 59 51 U+5B88 423 278 68 52 U+4F8D 1089 433 63 70 U+4F8D 435 330 61 73 U+4F8D 337 237 66 43 U+9675 1088 507 64 67 U+5B98 1076 574 91 42 U+8179 1089 619 79 62 U+85E5 1087 673 68 57 U+9152 1089 730 73 54 U+9152 687 611 61 49 U+4E00 1071 799 98 37 U+4E00 1083 874 76 23 U+4E00 1079 993 79 23 U+4E00 994 962 71 22 U+4E00 915 266 80 50 U+4E00 580 527 78 36 U+4E00 600 598 60 24 U+65E5 1093 829 70 51 U+65E5 1004 988 58 49 U+65E5 605 560 39 27 U+7501 1085 904 128 65 U+7501 1022 318 62 58 U+7501 935 302 83 93 U+7501 599 625 66 78 U+800C 1100 956 40 38 U+800C 1007 925 57 36 U+800C 938 821 42 33 U+800C 777 559 37 41 U+800C 529 398 55 49 U+800C 356 636 44 42 U+6597 1112 1014 36 49 U+4E8C 1012 270 59 50 U+6B64 1024 534 51 52 U+6B64 231 868 58 52 U+51FA 1027 623 51 37 U+512A 1012 699 62 60 U+512A 434 574 71 73 U+5F85 1003 765 65 62 U+5F85 514 994 62 69 U+4E4B 1015 826 34 43 U+4E4B 693 698 36 53 U+4E4B 613 284 34 50 U+4E4B 605 812 42 37 U+4E4B 525 722 41 68 U+4E4B 456 393 23 59 U+610F 1014 858 36 68 U+5FC5 921 385 83 48 U+75C5 943 425 69 74 U+75C5 339 925 79 66 U+6CC1 939 565 72 60 U+53D7 917 613 79 69 U+53D7 759 499 66 68 U+4E7E 924 727 73 54 U+4E7E 517 578 74 53 U+7269 909 770 88 56 U+7269 514 627 67 49 U+5F80 928 852 64 58 U+5F80 762 596 74 63 U+6728 930 903 47 60 U+50F9 900 957 84 81 U+50F9 751 381 82 51 U+50F9 234 1018 77 39 U+7686 749 260 69 60 U+7686 761 429 60 61 U+7686 231 766 73 66 U+672C 764 327 69 46 U+81E3 687 399 42 73 U+4EE5 673 520 71 31 U+4EE5 517 520 47 59 U+77E5 679 660 65 42 U+6975 676 753 73 49 U+7232 679 794 65 38 U+7232 306 424 41 46 U+64DA 661 893 106 75 U+6B32 694 952 42 56 U+7F77 668 1013 72 53 U+96D6 597 333 65 61 U+96D6 435 983 65 57 U+5DE8 612 395 40 57 U+91CF 584 449 72 73 U+5C19 604 691 47 59 U+9189 588 751 76 56 U+9053 589 853 69 66 U+9053 430 451 77 67 U+F967 588 961 66 45 U+F967 260 406 45 39 U+5982 520 277 50 42 U+5982 239 825 80 43 U+662F 524 330 57 62 U+9001 518 673 63 58 U+671D 505 879 61 68 U+5BB6 519 942 55 49 U+56FA 426 513 70 66 U+524D 432 705 67 61 U+9054 423 825 72 63 U+4F9B 345 300 70 68 U+7701 356 411 52 62 U+7701 346 596 77 52 U+52D9 337 523 77 74 U+4ECA 345 674 57 52 U+82E5 331 722 79 50 U+6216 345 768 64 63 U+616E 344 823 46 64 U+5168 337 986 81 60 U+6E1B 224 267 102 93 U+4F3C 296 385 46 32 U+5175 242 659 64 65 U+7169 210 922 90 49 U+98EF 233 979 64 38
test_61,U+F967 1070 287 145 109 U+5F97 1094 411 96 121 U+5165 1087 533 133 97 U+4F8D 1034 625 176 182 U+4E4B 1093 796 112 89 U+610F 1081 913 108 142 U+6562 951 336 126 150 U+5553 810 286 118 124 U+50B3 804 462 114 126 U+66F0 800 598 108 84 U+77E5 813 700 110 84 U+9053 786 817 223 204
test_73,U+524D 796 245 56 66 U+6392 789 314 72 44 U+6392 713 162 66 49 U+4ECD 786 367 67 60 U+7528 797 429 58 65 U+79E9 796 486 72 79 U+6848 714 208 62 53 U+6848 654 257 59 53 U+6848 670 560 55 58 U+6848 448 280 52 66 U+5E8A 728 253 47 65 U+4E09 722 317 59 45 U+5750 721 361 55 36 U+5750 734 644 53 43 U+5750 659 347 62 54 U+5750 671 648 63 42 U+5750 684 893 101 73 U+984C 723 452 76 67 U+984C 492 172 79 72 U+7ACB 739 512 39 45 U+7ACB 519 255 39 37 U+5353 744 552 40 44 U+5353 507 290 47 55 U+4E8C 733 604 51 34 U+4E8C 673 616 56 28 U+4E8C 513 535 48 30 U+4E8C 375 505 62 47 U+7D05 655 161 51 51 U+7D05 507 397 67 43 U+7D05 451 397 56 52 U+6F06 656 213 57 48 U+6F06 678 518 45 43 U+4E00 662 310 48 35 U+4E00 564 286 77 31 U+4E00 450 533 48 30 U+9ED1 660 456 62 57 U+5E77 694 724 77 102 U+516B 669 837 125 57 U+70CF 576 170 62 64 U+7AF9 568 229 75 59 U+767E 581 317 59 46 U+F9D1 591 363 50 36 U+4ECB 587 400 69 83 U+8986 509 339 55 53 U+8986 455 341 49 55 U+55AE 517 435 46 47 U+55AE 465 441 35 45 U+4EF6 498 572 73 72 U+4EF6 446 571 54 80 U+4EF6 375 554 72 133 U+795E 375 165 56 59 U+8F26 381 223 52 74 U+5167 378 303 61 30 U+9694 372 338 72 67
test_8,U+53F3 1339 243 71 63 U+53F3 1066 946 97 69 U+53F3 738 706 104 68 U+53F3 641 400 100 60 U+53F3 543 1029 73 60 U+53F3 439 674 93 61 U+53F3 276 383 73 61 U+66F0 1337 304 70 58 U+66F0 1170 223 81 49 U+66F0 1073 830 98 61 U+66F0 888 1056 80 48 U+66F0 753 850 89 58 U+66F0 492 218 62 15 U+66F0 473 221 87 64 U+66F0 374 326 56 56 U+81E3 1347 361 65 62 U+81E3 377 560 62 65 U+7B49 1346 418 71 53 U+7B49 722 1029 110 78 U+77BB 1337 471 94 78 U+671B 1334 545 92 63 U+5247 1339 609 95 50 U+5247 1101 311 66 41 U+5247 1076 1018 85 57 U+5247 471 471 74 51 U+773C 1334 759 104 54 U+773C 1257 334 80 62 U+773C 1171 347 91 61 U+773C 883 610 97 68 U+5F69 1345 822 103 65 U+6674 1339 891 95 69 U+660E 1348 956 87 68 U+800C 1355 1027 79 51 U+800C 1185 742 77 47 U+800C 564 720 86 53 U+958B 1250 235 94 93 U+958B 885 538 86 62 U+5982 1261 400 65 60 U+5982 551 787 75 58 U+4F55 1258 453 79 69 U+4E0A 1153 163 103 61 U+4E0A 984 982 68 46 U+4E0A 551 163 97 58 U+4E0A 287 140 80 63 U+5DE6 1170 283 73 62 U+5DE6 1072 892 81 48 U+5DE6 749 636 85 75 U+5DE6 648 340 86 57 U+5DE6 455 591 90 72 U+F967 1170 405 94 53 U+F967 1171 786 90 60 U+F967 997 327 87 60 U+F967 893 719 71 46 U+F967 560 334 81 52 U+4FBF 1171 465 94 66 U+4FBF 860 766 112 77 U+77E3 1168 526 107 83 U+77E3 1156 960 137 95 U+77E3 968 873 102 103 U+77E3 868 848 104 80 U+77E3 651 655 57 76 U+77E3 546 955 94 76 U+6709 1185 611 80 65 U+6709 1085 690 72 66 U+6709 762 310 72 63 U+6709 352 905 62 49 U+788D 1167 686 102 62 U+7CBE 1156 843 127 83 U+5229 1173 921 105 55 U+7136 1077 238 89 68 U+7136 351 387 104 90 U+4E00 1081 360 79 26 U+4E00 989 476 80 35 U+908A 1081 398 96 73 U+908A 993 517 91 99 U+908A 284 444 79 77 U+53D7 1085 469 82 77 U+53D7 284 210 92 85 U+91DD 1077 543 108 82 U+91DD 987 630 98 88 U+91DD 349 859 77 51 U+8036 1083 623 80 64 U+8036 452 955 75 65 U+9249 1066 768 104 69 U+9249 338 958 92 76 U+6548 989 232 94 86 U+5C08 990 380 97 85 U+4E4B 991 705 69 55 U+4E4B 452 891 54 61 U+4F3C 973 760 93 53 U+4F3C 885 677 88 45 U+53EF 994 824 78 48 U+80DE 982 1031 109 72 U+5317 877 232 91 53 U+539A 882 288 91 79 U+6545 885 374 98 61 U+8056 881 932 80 57 U+8056 408 829 51 42 U+4EFB 871 992 104 65 U+4EFB 405 877 57 33 U+96D6 758 242 89 72 U+96D6 550 593 97 71 U+8F15 748 373 99 69 U+91CD 760 439 78 62 U+7576 751 507 94 58 U+7576 651 527 90 77 U+7576 453 521 86 66 U+8A66 752 568 94 77 U+50B3 741 786 104 65 U+91AB 734 919 108 112 U+91AB 376 228 84 90 U+4EE5 648 232 98 52 U+7232 654 291 90 47 U+7686 654 463 81 62 U+7686 450 735 81 85 U+4E91 647 605 80 44 U+6B64 562 281 90 50 U+5FC5 549 394 94 44 U+6FD5 546 445 105 69 U+71B1 536 520 105 69 U+662F 550 862 91 94 U+5BD2 556 673 99 48 U+7AF9 460 389 101 75 U+65BD 448 824 95 69 U+8AF8 452 1021 86 62 U+8AF8 365 488 92 64 U+5C11 359 617 90 60 U+9000 347 676 98 75 U+9664 409 913 58 38 U+7A74 403 953 67 54 U+8D77 354 823 60 40 U+937C 282 295 91 77 U+8DB3 329 520 47 35 U+90E8 320 554 63 47 U+592A 278 521 73 51 U+6C96 268 580 87 62 U+514C 273 832 82 78 U+81F3 262 926 85 75 U+9670 275 997 91 72
test_21,U+4E8C 1473 168 58 32 U+4E8C 1370 162 45 33 U+4E8C 726 152 46 26 U+5341 1470 195 58 25 U+5341 1377 191 34 30 U+5341 725 168 44 36 U+56DB 1473 220 70 30 U+65E5 1476 240 43 35 U+65E5 1379 244 35 25 U+65E5 733 240 51 36 U+4E01 1487 278 44 20 U+4E11 1475 297 63 43 U+6674 1466 333 59 59 U+6674 1373 345 52 44 U+6674 731 337 52 42 U+4F86 1473 392 64 36 U+4F86 1119 850 62 50 U+4F86 1140 675 42 46 U+4F86 812 540 32 49 U+4F86 404 785 46 51 U+661F 1475 420 49 59 U+661F 1211 398 41 43 U+661F 392 749 63 46 U+5DDE 1479 464 49 72 U+8B01 1475 534 59 70 U+8B01 725 493 56 69 U+8B01 597 627 64 62 U+8B01 445 184 65 54 U+5B63 1455 618 74 58 U+5B63 976 914 53 58 U+53D4 1438 656 91 44 U+53D4 239 916 91 40 U+6BCD 1457 695 67 32 U+8207 1463 726 67 38 U+8207 728 370 46 38 U+8207 346 821 46 40 U+8207 264 618 20 38 U+5982 1470 756 57 32 U+6666 1453 787 67 51 U+5442 1462 823 58 54 U+5442 1249 515 45 38 U+5442 1213 329 43 46 U+5442 1136 526 54 55 U+5442 399 621 49 48 U+5442 241 350 63 55 U+654F 1463 877 58 43 U+4E2D 1459 908 62 40 U+4E2D 1159 240 39 30 U+4E2D 905 1010 58 36 U+90FD 1444 938 76 62 U+90FD 1192 1003 30 59 U+90FD 1153 333 39 41 U+90FD 514 557 82 75 U+8655 1465 982 40 42 U+8655 1143 191 52 49 U+8655 1157 379 38 35 U+6771 1458 1018 56 45 U+6771 1157 410 40 43 U+6771 659 207 49 68 U+6771 630 1049 58 41 U+8AF8 1420 177 44 53 U+8AF8 328 851 69 52 U+5BBF 1422 241 51 54 U+5BBF 1203 534 45 60 U+5BBF 1125 1007 53 63 U+540C 1424 302 54 53 U+540C 1303 668 48 31 U+540C 1106 227 50 58 U+540C 347 1008 69 65 U+4E94 1369 208 47 36 U+620A 1378 268 39 45 U+5BC5 1359 304 53 45 U+671D 1373 391 51 35 U+5165 1369 426 56 24 U+898B 1372 444 51 43 U+898B 1259 316 47 43 U+898B 795 588 59 49 U+898B 393 825 72 51 U+57CE 1372 485 51 45 U+4E3B 1362 526 56 42 U+674E 1366 562 52 47 U+674E 1309 618 40 47 U+674E 1084 734 39 46 U+674E 981 779 37 51 U+674E 465 594 43 54 U+674E 465 829 60 48 U+674E 495 1031 43 49 U+674E 410 1028 56 46 U+516C 1381 609 34 27 U+516C 606 273 47 42 U+516C 481 716 39 39 U+516C 483 936 57 29 U+6642 1358 640 52 24 U+986F 1357 664 70 47 U+7565 1377 708 54 56 U+805E 1365 758 64 31 U+805E 1137 711 53 54 U+4EAC 1355 781 58 44 U+4EAC 334 429 39 63 U+5831 1351 818 78 60 U+9818 1351 862 67 52 U+76F8 1347 913 76 45 U+76F8 982 339 48 39 U+76F8 914 725 63 47 U+76F8 237 651 78 62 U+53CA 1353 959 70 38 U+6D2A 1337 986 73 28 U+6D2A 543 748 52 41 U+5224 1351 1015 59 36 U+5224 1321 385 37 39 U+5224 1305 558 52 28 U+66F8 1348 1033 62 42 U+66F8 1174 655 69 33 U+66F8 689 996 51 41 U+66F8 599 322 55 32 U+66F8 628 952 50 42 U+66F8 455 465 64 28 U+5B87 1324 190 44 61 U+9060 1318 238 55 39 U+5CFB 1318 281 55 39 U+65A5 1322 310 44 43 U+540F 1309 351 63 39 U+8ACB 1320 416 41 51 U+63A8 1308 460 59 53 U+5433 1309 516 54 46 U+58FD 1306 590 46 34 U+627F 1343 647 26 35 U+65E8 1342 672 30 39 U+63C6 1305 693 68 51 U+76D6 1304 749 51 41 U+76D6 1078 643 54 57 U+4EE5 1300 781 58 39 U+4EE5 1069 998 54 34 U+4EE5 1017 941 59 37 U+4EE5 932 335 42 39 U+4EE5 649 878 80 36 U+4EE5 683 1054 68 36 U+4EE5 595 397 51 37 U+60C5 1294 815 56 36 U+4ECD 1299 846 54 43 U+4ECD 1124 966 52 46 U+6E56 1289 882 66 36 U+4F2F 1286 912 59 46 U+7232 1286 952 61 38 U+7232 1050 270 46 42 U+7232 1002 420 38 47 U+F967 1304 983 35 38 U+F967 1107 282 34 28 U+F967 1027 975 46 38 U+F967 903 702 76 31 U+F967 926 805 44 43 U+F967 669 850 61 38 U+F967 319 563 69 40 U+53EF 1298 1013 51 29 U+4E5F 1295 1034 49 41 U+4E5F 1187 989 35 37 U+4E5F 886 971 93 41 U+4E5F 590 556 65 44 U+5F80 1265 198 50 33 U+5F80 1202 500 47 44 U+6A39 1261 228 56 48 U+6751 1262 271 51 52 U+5584 1267 355 46 53 U+5C71 1259 398 44 41 U+65B0 1249 423 53 56 U+4E08 1248 555 48 36 U+5B5D 1247 594 49 51 U+66FE 1247 638 52 37 U+5F14 1245 682 49 31 U+5176 1252 713 41 40 U+5176 1142 644 49 40 U+4E09 1232 751 57 30 U+4E09 1034 752 42 31 U+4E09 667 620 51 41 U+5B50 1258 782 34 28 U+548C 1236 827 51 41 U+548C 1227 914 61 23 U+548C 1225 971 58 31 U+548C 1148 606 44 45 U+548C 243 539 77 36 U+7528 1233 938 54 45 U+5167 1220 1015 71 25 U+8271 1238 1032 50 43 U+8A2A 1202 179 52 57 U+8A2A 984 663 57 48 U+8A2A 261 794 55 41 U+518D 1212 232 33 35 U+518D 1186 728 48 42 U+5F9E 1213 260 41 44 U+5F9E 1183 777 49 24 U+59B9 1200 295 59 45 U+59B9 975 697 62 53 U+5553 1200 368 48 34 U+59BB 1208 440 36 59 U+5DDD 1201 591 44 28 U+8C37 1187 613 56 46 U+9662 1194 691 49 40 U+9662 1176 903 62 46 U+9662 1175 942 65 45 U+9662 611 992 75 41 U+9662 463 495 55 42 U+5144 1178 797 61 41 U+5144 1127 797 46 39 U+5144 1070 864 54 43 U+5247 1180 839 49 31 U+5247 679 813 54 41 U+6B64 1188 869 45 36 U+6B64 935 374 44 40 U+58EB 1148 274 46 29 U+58EB 985 191 56 38 U+58EB 242 461 68 33 U+6B63 1156 296 40 40 U+6CCA 1155 435 36 44 U+6625 1141 485 62 52 U+4EC1 1098 187 51 52 U+4EC1 480 957 54 42 U+4EC1 382 340 56 35 U+77E5 1101 313 50 25 U+5DD6 1114 340 39 38 U+8FCE 1100 370 53 49 U+984D 1098 414 56 44 U+6240 1097 453 58 39 U+901A 1093 481 48 49 U+901A 1009 1010 57 41 U+6587 1096 525 40 42 U+6587 452 624 77 58 U+6587 480 870 51 40 U+9069 1095 545 46 63 U+81F3 1092 604 59 51 U+8A71 1124 924 51 52 U+5F1F 1133 817 40 34 U+5F1F 1071 889 48 36 U+5F1F 726 445 53 54 U+4F59 1130 744 47 62 U+516B 1147 578 42 38 U+56E0 1075 696 52 47 U+4EA8 1088 790 36 48 U+4EA8 981 826 41 48 U+4EA8 597 963 26 54 U+4EA8 399 512 38 56 U+842C 1071 811 53 65 U+842C 978 861 49 54 U+5448 1074 922 37 53 U+55AE 1070 962 40 45 U+541B 1058 1024 60 38 U+541B 914 192 60 43 U+7F8E 1048 183 55 58 U+7F8E 922 244 60 55 U+6C0F 1043 236 61 49 U+6C0F 933 298 42 35 U+4FB5 1052 309 39 43 U+8FB1 1051 335 41 79 U+65C5 1050 396 40 53 U+65C5 748 1018 75 34 U+65C5 654 581 74 55 U+8ED2 1044 449 44 61 U+8ED2 750 1047 68 55 U+800C 1046 501 48 32 U+7F70 1040 539 54 57 U+7F70 1041 681 36 83 U+4E4B 1046 592 38 46 U+4E4B 919 879 48 36 U+4E4B 741 829 60 30 U+4E4B 685 1024 59 35 U+4E4B 611 351 31 58 U+4E4B 617 1025 53 27 U+4E4B 480 535 23 24 U+5B78 1028 784 57 46 U+5BAE 1022 832 53 40 U+9996 1030 864 44 53 U+4EFB 1023 902 55 44 U+6797 998 231 47 41 U+79C1 987 266 47 39 U+8B77 981 307 61 42 U+501A 989 384 49 41 U+76EE 992 451 44 56 U+77E3 991 486 38 74 U+77E3 345 686 39 45 U+5F35 976 560 66 54 U+5BDF 977 603 61 68 U+53F3 985 741 35 52 U+53F3 968 997 54 64 U+7236 977 971 39 37 U+8F3E 916 401 55 55 U+8F49 926 455 57 58 U+4EBA 892 489 85 63 U+4EBA 920 1036 55 44 U+8B02 924 542 46 67 U+543E 922 599 46 41 U+5169 916 632 52 46 U+5169 725 392 54 51 U+5169 717 720 84 38 U+5BB6 922 671 51 41 U+80FD 921 773 44 34 U+5E78 914 837 56 48 U+751A 913 915 56 58 U+97D3 782 183 77 52 U+6C5D 797 230 47 36 U+5104 790 272 79 51 U+526F 787 321 66 37 U+6709 790 353 45 41 U+53F8 803 397 45 38 U+4EA6 792 504 54 46 U+F9D1 730 200 55 41 U+5DF1 723 267 54 32 U+536F 729 300 54 32 U+5EDF 729 559 60 67 U+7A0B 735 614 61 62 U+6731 731 679 66 44 U+5148 739 750 72 57 U+5148 669 660 58 38 U+5148 666 911 63 39 U+751F 738 798 57 39 U+751F 678 696 43 39 U+751F 682 954 52 41 U+751F 403 665 45 44 U+58C1 756 860 56 47 U+5BD2 731 908 92 70 U+5BD2 661 268 51 68 U+6684 734 972 81 53 U+6684 654 485 69 53 U+5728 637 169 69 45 U+5728 667 385 43 56 U+5728 610 908 66 48 U+5728 449 418 63 46 U+5728 311 380 77 56 U+5CA1 659 344 58 51 U+5CA1 655 531 66 56 U+897F 654 437 63 52 U+897F 451 554 66 44 U+4F4D 673 722 48 48 U+7248 671 770 69 58 U+67D0 596 176 61 57 U+59D3 598 233 53 42 U+58D3 595 433 62 72 U+5C0A 602 507 53 51 U+53C8 590 582 69 50 U+53C8 558 1050 61 47 U+9115 603 684 63 55 U+8CE2 606 732 59 65 U+7960 599 793 72 59 U+7960 444 317 68 58 U+820D 569 178 33 41 U+6B62 573 217 28 25 U+5802 576 264 19 31 U+5B5F 570 287 35 42 U+6027 565 320 41 45 U+91D1 518 177 46 49 U+4E03 519 222 53 29 U+5CF0 522 250 54 43 U+5E0C 530 278 43 46 U+5E0C 532 493 58 34 U+53C3 526 323 48 46 U+53C3 316 159 43 71 U+5B8B 521 363 66 59 U+5B8B 258 832 62 54 U+503B 514 412 72 39 U+6EAA 516 446 68 52 U+594E 529 520 69 48 U+4F50 516 619 79 44 U+90DE 530 651 62 50 U+8861 534 686 66 67 U+5FE0 545 784 54 49 U+5FE0 452 239 60 38 U+5FE0 474 905 61 39 U+7FA9 549 817 58 76 U+7109 587 1008 37 58 U+7109 398 579 51 51 U+70C8 445 277 73 49 U+70C8 452 675 65 48 U+5146 476 749 64 44 U+5E74 466 781 62 58 U+5FA9 472 991 93 51 U+9676 371 172 65 60 U+96B1 385 228 54 59 U+5D07 382 281 48 61 U+6BB7 398 700 57 57 U+4E14 387 871 75 39 U+50B3 411 905 55 41 U+9AD8 409 946 54 42 U+9748 416 982 43 50 U+5949 304 230 65 38 U+7FCA 308 269 61 53 U+83EF 323 314 43 63 U+5352 314 478 60 86 U+6551 323 595 67 50 U+6158 335 643 61 51 U+98DF 324 726 65 55 U+5F8C 319 770 82 55 U+53CB 352 897 51 47 U+5225 339 942 67 37 U+5C07 355 985 45 36 U+66C9 228 166 75 58 U+6D1E 225 226 85 44 U+8DEF 221 268 83 41 U+9047 217 306 99 49 U+79C0 247 392 62 68 U+5B9C 252 492 50 46 U+66AB 246 572 60 60 U+654D 255 700 51 52 U+6B77 251 745 71 58 U+65CF 244 868 78 64 U+715C 245 1004 92 56
test_62,U+4E0A 925 169 116 70 U+5728 948 238 72 55 U+660C 950 298 80 68 U+5FB7 945 363 75 73 U+5BAE 946 431 101 64 U+505C 942 505 100 102 U+5E38 942 596 102 87 U+53C3 956 669 74 104 U+7D93 939 814 95 80 U+7B75 955 899 116 95 U+6708 608 405 66 87 U+5341 540 475 167 85 U+56DB 606 566 71 61 U+9751 635 732 45 118
test_15,U+7232 1375 213 43 33 U+7232 1044 606 35 34 U+7232 792 540 29 26 U+5FA9 1375 244 43 39 U+5FA9 1377 939 56 52 U+5FA9 1322 442 41 41 U+8B90 1381 281 42 49 U+8B90 1377 989 60 62 U+8B90 1321 483 46 59 U+800C 1383 330 34 31 U+800C 1099 702 29 35 U+751F 1382 360 39 29 U+4E4B 1405 380 22 52 U+4E4B 1336 591 25 39 U+4E4B 1287 680 32 44 U+4E4B 1058 626 19 91 U+4E4B 812 891 30 78 U+4E4B 514 999 36 20 U+7136 1370 427 58 62 U+7576 1388 486 32 32 U+7576 1324 380 42 31 U+7576 784 515 37 28 U+521D 1375 514 53 41 U+521D 291 326 43 35 U+8A1F 1378 553 48 41 U+4E8E 1392 586 25 31 U+5B98 1384 615 45 40 U+6BBA 1388 679 40 53 U+6BBA 1271 613 39 48 U+5176 1393 731 35 36 U+7236 1386 767 56 42 U+6E20 1382 809 53 57 U+4F55 1382 867 42 35 U+4F55 1041 542 36 37 U+6562 1376 898 55 41 U+6B64 1326 280 39 35 U+6B64 1276 549 32 34 U+6B64 1039 460 42 38 U+6B64 975 879 29 26 U+6B64 746 972 34 36 U+5247 1334 315 34 31 U+5247 1277 582 33 28 U+5247 1049 502 35 28 U+5247 297 391 44 29 U+5247 303 641 37 30 U+5247 320 862 38 34 U+F967 1323 346 43 33 U+F967 1151 862 36 30 U+4EE5 1317 412 46 31 U+4EE5 1329 931 40 28 U+4EE5 1215 290 42 40 U+4EE5 1217 741 35 33 U+4EE5 1152 303 43 28 U+4EE5 1148 832 40 30 U+4EE5 1039 578 39 28 U+4EE5 971 501 44 35 U+4EE5 705 209 40 29 U+4EE5 672 679 39 29 U+4EE5 600 466 39 30 U+4EE5 534 290 41 35 U+4EE5 467 222 40 33 U+4EE5 489 817 40 30 U+4EE5 417 492 43 29 U+4EE5 357 480 41 27 U+8CB8 1320 542 49 57 U+4E5F 1320 633 57 37 U+4E5F 1276 816 32 34 U+4E5F 913 984 45 41 U+4E0A 1327 699 39 34 U+4E0A 1277 871 31 32 U+4E0A 1214 613 34 27 U+4E0A 1157 163 31 30 U+4E0A 1145 595 40 37 U+4E0A 1031 768 29 37 U+4E0A 906 741 41 32 U+4E0A 786 717 36 39 U+4E0A 741 924 32 30 U+4E0A 599 337 32 27 U+4E0A 624 837 26 28 U+4E0A 566 924 27 31 U+4E0A 491 674 29 34 U+4E0A 416 350 34 31 U+4E0A 352 196 27 31 U+66F0 1329 730 39 34 U+66F0 1272 511 40 33 U+66F0 1277 901 32 27 U+66F0 1217 640 33 21 U+66F0 1163 192 32 25 U+66F0 1155 632 35 24 U+66F0 1105 435 36 37 U+66F0 1032 810 36 37 U+66F0 974 848 36 29 U+66F0 923 779 32 28 U+66F0 782 254 35 31 U+66F0 792 758 43 36 U+66F0 750 955 32 22 U+66F0 603 363 28 23 U+66F0 626 868 31 20 U+66F0 570 953 30 18 U+66F0 500 707 29 26 U+66F0 414 385 36 32 U+66F0 357 223 29 22 U+66F0 380 979 44 25 U+66F0 334 984 32 27 U+4ECD 1323 766 49 47 U+4ECD 1271 927 41 46 U+4ECD 1211 662 49 40 U+4ECD 1160 215 37 46 U+4ECD 1141 652 50 57 U+4ECD 595 386 43 39 U+4ECD 623 890 40 55 U+914D 1317 813 61 41 U+914D 1264 977 56 51 U+914D 1215 704 47 39 U+914D 1155 259 47 40 U+914D 1139 712 64 39 U+914D 709 369 51 38 U+914D 604 429 40 31 U+914D 622 945 55 45 U+914D 532 515 49 32 U+59CB 1328 848 40 41 U+59CB 1208 220 40 40 U+59CB 1143 755 45 39 U+59CB 974 427 37 39 U+59CB 795 966 32 31 U+59CB 657 606 49 38 U+59CB 526 217 45 42 U+59CB 355 391 38 50 U+58FD 1336 880 32 46 U+58FD 1220 253 29 37 U+58FD 1155 787 38 47 U+58FD 976 461 39 45 U+58FD 801 989 34 47 U+58FD 673 636 32 46 U+58FD 534 244 39 47 U+58FD 362 434 32 44 U+5E7C 1319 957 52 35 U+5B78 1330 991 43 51 U+613C 1260 215 51 51 U+78A9 1262 267 47 35 U+4FE1 1271 302 43 46 U+4E8B 1280 343 27 38 U+4E8B 1223 442 27 38 U+4E8B 1221 896 24 37 U+4E8B 1170 435 22 30 U+4E8B 740 781 29 29 U+4E8B 668 439 23 36 U+4E8B 700 986 30 57 U+4E8B 613 682 27 46 U+4E8B 567 787 22 26 U+4E8B 494 533 23 40 U+4E8B 531 1042 19 31 U+4E8B 446 873 26 30 U+4E8B 380 782 24 29 U+9032 1273 376 34 49 U+9032 1215 475 39 46 U+9032 1210 927 38 45 U+9032 1149 464 49 42 U+9032 1107 303 41 43 U+9032 974 748 42 45 U+9032 739 810 31 38 U+9032 587 207 36 48 U+9032 609 722 40 34 U+9032 556 814 49 45 U+9032 479 568 45 41 U+9032 401 220 50 50 U+9032 440 900 40 44 U+9032 368 807 38 37 U+8B80 1264 420 48 49 U+8B80 1215 522 45 55 U+8B80 1206 969 52 56 U+8B80 1153 506 47 55 U+8B80 793 862 40 40 U+8B80 733 844 48 54 U+8B80 589 256 43 51 U+8B80 609 758 49 47 U+8B80 556 858 56 53 U+8B80 482 605 46 52 U+8B80 403 271 51 56 U+8B80 433 942 55 54 U+8B80 373 842 49 54 U+7A4D 1271 466 39 48 U+7A4D 1100 383 45 51 U+7A4D 965 795 49 52 U+7A4D 768 202 54 55 U+7A4D 317 943 53 42 U+4EBA 1275 661 42 33 U+4EBA 725 437 38 20 U+660E 1277 724 34 35 U+767D 1276 758 32 30 U+8005 1276 785 30 33 U+8005 1097 837 32 33 U+8005 789 819 43 43 U+8005 292 293 41 36 U+F90A 1215 324 51 46 U+F90A 1154 331 55 41 U+F90A 723 627 58 43 U+F90A 668 856 60 52 U+F90A 605 555 53 45 U+F90A 365 625 61 41 U+61C9 1218 369 39 38 U+8A13 1218 405 39 37 U+5B89 1211 772 41 39 U+767B 1206 812 55 43 U+6210 1211 855 46 45 U+5409 1154 373 42 26 U+8CE2 1155 398 41 44 U+5165 1146 893 50 32 U+7C4D 1141 921 54 61 U+7C4D 1095 564 46 52 U+7C4D 1085 790 47 51 U+5168 1150 979 55 44 U+5168 966 629 70 46 U+5168 913 518 50 35 U+5BB6 1089 201 52 52 U+5BB6 968 673 48 41 U+5BB6 916 555 40 31 U+79E9 1093 258 54 46 U+79E9 972 708 39 39 U+79E9 721 457 51 42 U+79E9 542 546 51 38 U+79E9 364 583 44 46 U+8207 1099 472 38 41 U+8207 983 937 18 25 U+6F0F 1085 512 59 46 U+6F0F 1086 738 51 47 U+7570 1093 616 39 48 U+77E3 1097 664 33 42 U+77E3 917 679 38 45 U+77E3 793 629 31 52 U+65E3 1089 870 48 51 U+8499 1081 922 51 58 U+653E 1085 977 56 43 U+653E 1017 902 59 51 U+653E 658 523 43 43 U+653E 559 976 55 41 U+653E 482 737 56 44 U+653E 403 410 56 46 U+653E 350 310 44 40 U+91CB 1039 406 45 46 U+7ADD 1029 850 38 53 U+9001 1029 955 52 59 U+9001 663 561 53 44 U+9001 570 1013 60 57 U+9001 501 777 37 41 U+9001 418 452 47 38 U+9001 359 354 45 32 U+96DC 962 534 55 54 U+96DC 914 425 41 51 U+72AF 968 587 61 45 U+72AF 904 481 56 37 U+4EA6 974 905 32 28 U+5317 964 963 52 33 U+9053 976 989 44 39 U+9053 712 300 42 35 U+9053 546 749 57 41 U+985E 918 587 41 48 U+540C 909 628 48 52 U+540C 486 499 38 41 U+5F8C 908 807 49 55 U+5F8C 724 670 47 44 U+65E5 923 850 22 27 U+65E5 785 291 27 27 U+65E5 798 610 18 24 U+F901 918 876 33 41 U+8B70 912 916 47 43 U+53EF 917 949 33 31 U+6C23 770 315 44 50 U+751A 783 363 31 30 U+5BD2 775 389 52 56 U+758F 779 445 47 34 U+6C7A 785 478 39 37 U+7D2F 787 569 36 38 U+5C0F 789 795 38 26 U+6C5F 711 238 35 30 U+539F 717 267 36 37 U+539F 328 1034 50 55 U+5B9A 714 331 46 38 U+5B9A 542 473 35 45 U+7F6A 724 403 39 35 U+653F 721 498 43 35 U+9662 723 532 47 39 U+9662 474 333 46 44 U+66F8 733 561 33 33 U+66F8 678 784 43 33 U+540F 727 595 36 34 U+8D0A 729 709 46 70 U+4E43 751 1004 39 39 U+901A 637 208 54 47 U+7B26 646 255 45 39 U+7E93 645 294 54 47 U+5B50 657 334 31 30 U+7ACA 646 359 48 50 U+53D6 654 407 43 35 U+8036 657 474 43 49 U+897F 665 708 45 35 U+897F 601 497 37 28 U+90E8 670 738 47 48 U+90E8 602 522 42 35 U+54E1 679 816 32 44 U+53CB 679 904 48 40 U+5091 679 944 48 47 U+81EA 612 598 28 37 U+7F8E 606 635 53 60 U+4EAC 542 320 25 39 U+757F 533 352 51 57 U+5F92 532 398 52 42 U+5E74 542 431 33 46 U+517C 533 582 58 47 U+53F8 561 617 20 23 U+50D5 547 638 48 48 U+6734 551 687 41 28 U+654F 543 713 54 39 U+638C 469 254 43 35 U+96B7 471 286 49 53 U+5974 477 371 46 39 U+5F35 473 407 45 39 U+65BC 477 451 43 28 U+53F1 477 477 43 29 U+7FBD 491 853 44 24 U+7FBD 417 524 49 30 U+6797 491 880 51 41 U+6797 426 554 47 32 U+885B 494 913 44 44 U+885B 413 586 64 31 U+5B8B 505 953 42 46 U+82F1 502 1017 61 36 U+F9E1 427 616 39 37 U+6771 430 649 43 41 U+5F3C 422 689 55 38 U+F9C4 429 722 52 54 U+F9C4 367 707 53 46 U+8D77 426 772 50 44 U+6C60 428 811 51 41 U+7B49 440 851 35 19 U+7B49 375 745 30 34 U+4E00 352 246 35 24 U+4E00 303 709 46 19 U+9AD4 347 271 47 36 U+5145 355 508 57 40 U+8ECD 353 547 47 42 U+8ECD 379 1008 42 39 U+5EF7 363 668 50 39 U+932B 366 898 57 41 U+80C4 376 939 41 39 U+58EB 388 1047 42 26 U+9003 281 231 54 41 U+4EA1 292 270 34 27 U+5DE1 286 359 48 30 U+5DE1 295 611 54 32 U+5DE1 307 829 51 38 U+6756 297 421 41 35 U+6756 301 672 58 38 U+4E94 296 452 39 35 U+5341 304 480 33 41 U+68CD 296 520 46 47 U+68CD 310 755 51 44 U+518D 299 568 47 43 U+767E 318 728 25 30 U+4E09 313 802 40 31 U+65AC 311 892 48 48 U+4E2D 334 1013 29 24
test_16,U+5247 1370 221 51 32 U+5247 1076 712 14 20 U+5247 904 831 47 29 U+5247 791 730 28 29 U+5247 719 474 35 23 U+5247 654 369 34 28 U+5247 635 741 26 21 U+5247 307 914 37 33 U+8F15 1369 251 56 52 U+6CBB 1372 301 51 27 U+4E4B 1388 325 24 35 U+4E4B 1132 635 24 21 U+4E4B 1091 966 29 25 U+4E4B 969 949 30 25 U+4E4B 767 214 32 32 U+4E4B 781 274 21 37 U+4E4B 789 667 23 31 U+4E4B 713 285 29 31 U+4E4B 741 917 22 27 U+4E4B 350 804 37 31 U+77E3 1382 353 41 50 U+77E3 1041 536 40 51 U+77E3 922 346 36 45 U+77E3 914 622 38 45 U+77E3 791 925 34 32 U+77E3 278 212 30 46 U+4E0A 1370 434 38 33 U+4E0A 1322 343 32 30 U+4E0A 1294 877 37 33 U+4E0A 1232 750 33 27 U+4E0A 1172 435 32 37 U+4E0A 1154 931 33 36 U+4E0A 594 633 29 33 U+4E0A 539 853 34 24 U+4E0A 462 484 32 25 U+4E0A 477 867 32 26 U+4E0A 400 463 33 23 U+4E0A 416 889 28 33 U+4E0A 343 486 27 25 U+66F0 1373 467 37 30 U+66F0 1321 375 29 27 U+66F0 1299 909 30 33 U+66F0 1238 773 26 28 U+66F0 1178 466 30 24 U+66F0 1160 966 32 23 U+66F0 1102 302 51 28 U+66F0 914 441 43 37 U+66F0 777 518 32 26 U+66F0 593 664 38 32 U+66F0 547 877 31 25 U+66F0 469 507 27 20 U+66F0 484 889 26 25 U+66F0 405 485 28 21 U+66F0 419 923 24 24 U+66F0 351 506 22 24 U+66F0 344 635 41 29 U+66F0 283 349 36 25 U+4ECD 1371 497 48 45 U+4ECD 1310 405 48 51 U+4ECD 1290 945 46 44 U+4ECD 1228 805 43 37 U+4ECD 1164 488 48 43 U+4ECD 1152 988 47 35 U+4ECD 537 899 48 44 U+4ECD 467 526 43 43 U+4ECD 480 911 39 35 U+4ECD 399 509 43 37 U+4ECD 411 943 43 48 U+4ECD 344 531 36 38 U+4ECD 298 775 42 45 U+914D 1367 545 60 42 U+914D 1298 454 63 49 U+914D 1288 993 65 59 U+914D 1220 841 51 50 U+914D 1160 527 56 41 U+914D 1156 1022 50 37 U+914D 1046 373 42 37 U+914D 1027 830 58 50 U+914D 961 588 67 36 U+914D 959 1004 57 37 U+914D 904 669 58 45 U+914D 709 382 39 32 U+914D 674 1023 45 38 U+914D 610 1019 56 45 U+914D 538 944 54 38 U+914D 466 570 53 37 U+914D 475 946 45 35 U+914D 398 542 47 29 U+914D 416 993 48 32 U+914D 342 567 43 32 U+914D 348 864 46 27 U+914D 295 679 43 34 U+59CB 1366 596 36 39 U+59CB 1107 227 43 40 U+59CB 768 451 42 34 U+59CB 532 465 36 35 U+58FD 1369 634 36 49 U+58FD 1117 258 35 46 U+58FD 770 477 37 40 U+58FD 532 490 38 43 U+4EE5 1365 681 38 24 U+4EE5 1301 503 41 29 U+4EE5 1234 224 57 27 U+4EE5 1215 892 52 35 U+4EE5 1164 571 42 27 U+4EE5 1034 662 41 35 U+4EE5 970 837 34 26 U+4EE5 668 751 35 28 U+4EE5 538 534 32 29 U+4EE5 542 980 41 27 U+4EE5 469 609 41 25 U+4EE5 474 978 41 29 U+4EE5 400 570 41 29 U+4EE5 421 1023 36 37 U+4EE5 345 727 37 18 U+5168 1357 704 73 37 U+5168 1092 563 63 38 U+5168 726 942 55 40 U+5168 658 819 58 37 U+5168 599 954 64 39 U+5BB6 1360 736 46 34 U+5BB6 1094 601 42 39 U+5BB6 732 978 42 35 U+5BB6 662 855 47 28 U+5BB6 607 992 47 30 U+79E9 1360 766 47 41 U+F9E1 1359 804 40 42 U+5B97 1354 841 46 46 U+696D 1338 886 71 67 U+4E8B 1355 954 38 109 U+4E8B 1307 742 25 35 U+4E8B 1239 600 31 36 U+4E8B 1185 305 30 42 U+4E8B 1163 784 31 39 U+4E8B 1114 359 30 37 U+4E8B 798 891 18 39 U+4E8B 588 317 37 41 U+4E8B 540 708 30 41 U+4E8B 469 318 25 43 U+4E8B 484 744 21 30 U+4E8B 402 334 29 32 U+4E8B 417 765 26 34 U+4E8B 349 371 24 27 U+9032 1313 223 46 45 U+9032 1302 708 38 37 U+9032 1291 768 47 43 U+9032 1229 632 47 44 U+9032 1168 338 47 45 U+9032 1154 814 44 53 U+9032 535 743 41 38 U+9032 464 354 37 45 U+9032 477 774 31 32 U+9032 403 362 32 34 U+9032 407 793 37 42 U+9032 341 394 34 33 U+8B80 1308 267 56 56 U+8B80 1290 807 51 51 U+8B80 1226 672 50 53 U+8B80 1169 379 49 51 U+8B80 1156 866 48 56 U+8B80 530 782 58 50 U+8B80 459 398 49 53 U+8B80 474 805 44 51 U+8B80 399 395 42 43 U+8B80 406 836 43 51 U+8B80 339 428 42 40 U+54B8 1296 535 54 37 U+5E73 1310 575 28 34 U+6B63 1305 605 42 31 U+5175 1285 630 57 46 U+5175 338 257 31 31 U+5175 290 604 35 35 U+6797 1294 672 52 37 U+694A 1242 255 50 37 U+5DDE 1248 290 40 34 U+5DDE 922 306 42 46 U+5DDE 718 445 35 29 U+91D1 1241 323 43 40 U+91D1 408 600 32 26 U+8D77 1244 359 56 51 U+6F64 1231 409 57 48 U+59BB 1241 455 44 40 U+59BB 538 647 35 34 U+59BB 460 256 31 40 U+59BB 394 219 41 40 U+59BB 416 716 30 28 U+9999 1235 496 37 47 U+9999 482 713 25 30 U+9999 400 286 32 48 U+4F0A 1231 537 47 41 U+7B49 1241 572 35 31 U+7B49 1085 920 42 50 U+6C38 1225 925 45 40 U+67D4 1217 968 50 45 U+5EB7 1217 1009 48 50 U+F9B6 1169 231 53 41 U+7ACB 1166 267 54 39 U+7ACB 1071 657 19 24 U+5357 1174 596 32 39 U+5357 965 856 39 54 U+5357 713 210 26 48 U+967D 1164 634 46 34 U+967D 958 912 52 39 U+967D 706 251 45 43 U+82AE 1156 670 60 50 U+6B21 1160 717 52 42 U+6B21 966 767 42 40 U+7537 1168 759 38 29 U+7537 970 796 38 37 U+6B64 1109 327 42 37 U+6B64 911 474 44 44 U+6B64 905 798 43 33 U+6B64 791 867 32 26 U+6B64 653 337 36 34 U+6B64 630 682 23 24 U+6B64 318 1038 43 27 U+672A 1117 392 22 33 U+77E5 1108 422 37 26 U+4F55 1109 446 34 33 U+4F55 588 513 37 28 U+5982 1104 476 42 85 U+5982 782 834 34 32 U+5982 640 308 42 31 U+5982 597 541 39 39 U+F9D8 1131 656 24 29 U+4E43 1090 736 44 39 U+4E43 291 496 30 28 U+662F 1093 773 49 54 U+662F 288 525 41 41 U+6E1B 1088 819 49 47 U+6B7B 1085 867 50 35 U+4E00 1088 901 39 24 U+7F70 1086 995 41 88 U+7F70 645 254 41 58 U+5176 1038 214 51 60 U+5176 306 821 32 25 U+F967 1053 270 36 27 U+F967 980 343 36 29 U+F967 722 498 34 31 U+53EF 1055 295 31 36 U+53EF 922 554 28 29 U+53EF 772 397 29 25 U+53EF 532 395 28 33 U+5B9A 1039 325 56 50 U+5B9A 760 354 46 41 U+5B9A 708 341 40 38 U+5B9A 516 254 41 40 U+8FD1 1049 411 43 28 U+8FD1 1016 949 60 54 U+8FD1 967 666 51 35 U+8FD1 577 251 46 40 U+8FD1 360 1020 52 41 U+5730 1039 441 60 36 U+5730 969 703 49 27 U+5730 577 292 52 34 U+5730 517 359 62 37 U+4E5F 1040 475 43 28 U+4E5F 766 422 39 31 U+4E5F 519 421 53 45 U+660E 1042 502 45 39 U+5927 1044 581 32 37 U+5927 782 951 41 41 U+5178 1029 614 53 48 U+6CD5 1071 680 23 28 U+6CD5 969 455 46 36 U+5169 1031 693 47 42 U+754C 1034 735 43 60 U+7232 1035 793 39 36 U+7232 776 579 37 28 U+7232 652 397 30 28 U+6240 1026 877 46 49 U+6240 905 715 44 35 U+6240 661 547 35 34 U+6240 514 210 49 43 U+800C 1038 923 27 30 U+800C 319 1006 28 30 U+4F86 1035 999 46 56 U+5916 982 212 37 45 U+65B9 980 256 36 27 U+591A 975 285 38 56 U+884C 978 369 33 51 U+884C 601 478 21 35 U+6210 969 399 57 69 U+6216 972 489 44 49 U+6709 969 535 42 52 U+6709 344 320 32 26 U+6709 351 664 23 25 U+6709 286 374 29 28 U+9001 962 624 52 42 U+9001 575 216 47 40 U+8005 979 730 31 33 U+8005 646 468 45 35 U+6545 1007 758 23 18 U+4EA6 1003 824 19 22 U+4EA6 358 966 37 30 U+4EBA 965 973 52 39 U+4EBA 709 315 54 32 U+4EBA 667 930 53 36 U+4EBA 345 832 52 30 U+65BC 922 212 39 38 U+65BC 531 293 32 24 U+5EE3 913 247 46 61 U+5EE3 713 404 41 51 U+7A4D 904 391 54 54 U+7A4D 338 593 47 44 U+6975 900 518 59 42 U+99ED 904 579 51 46 U+82E5 895 749 47 42 U+5211 898 855 52 44 U+5211 779 605 42 33 U+66F9 888 891 58 44 U+9000 890 996 65 43 U+4F7F 764 248 34 33 U+6539 760 312 48 46 U+81E3 777 543 31 39 U+5B98 763 636 56 38 U+5F8C 776 693 45 47 U+5F8C 662 779 50 41 U+5F8C 628 703 27 33 U+59D1 781 759 40 35 U+7121 770 793 52 46 U+7121 635 506 56 46 U+62B5 784 993 51 44 U+904E 719 524 46 39 U+65E5 709 564 51 23 U+65E5 731 581 22 23 U+7A0B 714 601 51 52 U+8C48 717 802 48 49 U+8DB3 724 848 48 35 U+8B02 721 886 49 44 U+54C9 737 1008 45 53 U+7528 644 213 38 44 U+60E1 649 425 49 53 U+5C07 686 489 30 34 U+61F2 654 582 48 51 U+81EA 662 681 42 44 U+4ECA 663 715 48 37 U+7F6A 663 889 48 47 U+52FF 670 960 39 32 U+4EE4 667 988 56 34 U+7533 595 350 31 48 U+7533 600 768 29 33 U+98ED 581 399 58 44 U+98ED 596 801 52 50 U+64E7 587 440 49 40 U+5404 588 693 43 43 U+5225 596 737 37 36 U+9060 528 319 40 39 U+5974 538 561 34 30 U+4ECB 532 583 53 32 U+540C 538 616 44 37 U+540C 457 220 39 42 U+5B50 546 680 23 26 U+5B50 475 294 19 30 U+5B50 420 743 25 24 U+92E4 540 1007 62 38 U+4E59 558 1039 42 24 U+79C1 468 630 40 29 U+5A62 469 656 43 29 U+9806 471 683 47 29 U+5C39 481 1006 26 26 U+798F 478 1035 50 33 U+8CB4 400 256 30 35 U+5149 408 624 41 36 U+9E97 398 661 56 55 U+9A0E 329 212 40 49 U+9A0E 289 565 38 40 U+8D99 338 281 40 41 U+4FE1 343 341 36 38 U+4FE1 344 692 39 36 U+4FE1 280 402 40 39 U+5229 348 747 40 26 U+5DDD 355 771 32 38 U+5DDD 358 936 33 34 U+5DDD 304 740 31 45 U+4E8E 361 889 25 25 U+4EC1 356 913 36 25 U+4EC1 296 709 35 33 U+592A 363 994 28 24 U+932B 281 260 38 41 U+80C4 283 297 41 53 U+672C 287 438 33 24 U+672C 309 847 29 31 U+5F79 278 463 51 37 U+5F79 301 877 47 42 U+96D6 287 638 46 47 U+4F3C 310 945 34 35 U+7576 319 979 26 33
test_55,U+4E0A 947 255 58 38 U+5728 954 314 63 63
test_19,U+81F3 1376 201 42 47 U+81F3 1123 817 45 42 U+81F3 1007 712 41 56 U+6B64 1373 245 43 43 U+6B64 1262 259 33 31 U+6B64 1012 376 34 36 U+6B64 892 329 41 36 U+6B64 886 902 34 38 U+6B64 647 564 43 35 U+6B64 526 722 63 43 U+4E4B 1394 279 14 33 U+4E4B 1324 726 17 35 U+4E4B 1314 1006 17 55 U+4E4B 1266 416 23 37 U+4E4B 1189 875 17 55 U+4E4B 1127 730 35 34 U+4E4B 1020 681 18 37 U+4E4B 600 625 19 35 U+4E4B 536 266 16 30 U+4E4B 533 515 22 31 U+4E4B 529 856 43 40 U+4E4B 413 236 17 34 U+4E4B 395 675 46 24 U+4E4B 343 446 22 35 U+4E4B 338 731 26 45 U+76DB 1369 304 58 70 U+4E5F 1370 379 63 35 U+4E5F 1307 640 43 31 U+4E5F 1192 211 54 49 U+4E5F 1127 326 51 53 U+4E5F 891 363 46 41 U+4E5F 651 796 43 33 U+4E5F 398 325 47 34 U+7A4D 1368 414 60 62 U+7A4D 1123 383 51 52 U+7A4D 1059 429 54 51 U+7A4D 702 414 57 51 U+4EE5 1366 477 45 31 U+4EE5 1187 507 43 33 U+4EE5 393 472 49 28 U+50B3 1364 513 44 52 U+50B3 1187 425 45 53 U+65E8 1372 564 32 32 U+65E8 1200 302 35 36 U+65E8 1197 473 31 37 U+4E2D 1373 592 24 35 U+653B 1364 627 45 37 U+653B 1313 433 48 44 U+653B 1260 336 41 30 U+653B 1237 733 52 37 U+65A5 1368 657 32 49 U+65A5 1323 474 32 40 U+65A5 1262 368 41 50 U+65A5 1248 767 38 42 U+5927 1364 692 28 45 U+5927 1321 514 30 29 U+5927 1297 903 40 40 U+5927 1242 798 35 37 U+81E3 1370 736 24 31 U+81E3 1322 538 28 43 U+81E3 1300 938 36 38 U+81E3 1241 831 38 45 U+81E3 1012 497 28 45 U+81E3 951 632 28 32 U+81E3 891 798 32 37 U+81E3 474 829 34 42 U+56DB 1362 774 34 32 U+56DB 1239 878 38 31 U+5B57 1357 807 50 40 U+5B57 1234 901 45 43 U+F901 1358 846 50 42 U+9032 1354 886 48 36 U+66F0 1356 923 43 31 U+66F0 1250 636 42 33 U+66F0 1187 638 38 35 U+66F0 1133 430 36 39 U+66F0 1122 914 41 35 U+66F0 1062 478 50 33 U+66F0 775 818 42 32 U+66F0 716 465 38 27 U+66F0 655 205 35 26 U+66F0 649 878 53 28 U+66F0 591 473 38 26 U+71DF 1352 954 47 50 U+71DF 1063 203 50 57 U+6551 1355 1000 43 42 U+6642 1308 208 57 40 U+6642 892 450 42 34 U+6642 330 932 45 39 U+F99F 1308 244 53 45 U+4EA6 1325 293 30 21 U+8DB3 1322 310 37 44 U+7232 1330 349 27 38 U+7232 1299 867 38 37 U+7232 604 933 26 26 U+7F6A 1327 387 34 47 U+7F6A 520 207 49 38 U+7F6A 454 212 44 31 U+5247 1319 579 31 30 U+5247 1250 708 36 28 U+5247 1187 810 33 26 U+5247 1174 1006 41 41 U+5247 954 330 43 31 U+5247 662 679 29 27 U+5247 534 925 43 36 U+975E 1317 611 36 29 U+975E 948 569 37 34 U+975E 525 488 45 30 U+975E 464 376 37 36 U+6E20 1305 673 43 60 U+8A00 1313 760 32 36 U+8A00 1257 450 37 39 U+F967 1299 794 46 36 U+F967 1008 202 44 41 U+F967 1006 542 33 25 U+F967 936 819 47 28 U+F967 946 957 33 24 U+F967 765 273 45 33 U+F967 776 418 41 21 U+F967 785 982 36 22 U+F967 596 831 33 27 U+F967 575 948 23 24 U+904E 1296 827 47 40 U+60DC 1288 973 51 41 U+4E91 1266 211 38 49 U+4E91 955 501 29 34 U+8C48 1261 289 37 46 U+8C48 1132 567 36 42 U+54C9 1260 489 45 61 U+4E0A 1251 599 37 40 U+4E0A 1187 611 39 32 U+4E0A 1121 879 38 37 U+4E0A 774 781 49 38 U+4E0A 651 845 53 38 U+7136 1238 670 51 39 U+7136 538 963 45 77 U+62B9 1228 943 51 46 U+53BB 1234 986 42 36 U+53EF 1237 1023 34 50 U+53EF 1135 290 38 35 U+53EF 661 766 35 28 U+53EF 403 592 33 32 U+627F 1197 260 42 41 U+7562 1192 336 45 50 U+66F8 1200 384 38 35 U+9054 1181 538 63 49 U+76CA 1183 674 42 53 U+5EC9 1183 722 40 48 U+758F 1176 767 53 47 U+758F 1163 966 52 40 U+7559 1177 836 37 44 U+5B78 1172 926 34 44 U+6301 1133 210 40 45 U+6301 595 732 36 45 U+51FA 1141 256 31 39 U+707D 1124 465 48 48 U+707D 882 965 41 41 U+7570 1126 511 42 54 U+7570 884 999 48 51 U+6709 1134 609 26 37 U+6709 717 310 32 29 U+6709 717 915 40 32 U+6709 658 320 30 31 U+5982 1118 647 49 27 U+5982 942 605 50 31 U+5982 640 536 54 31 U+8FD1 1117 678 55 30 U+65E5 1140 706 22 26 U+65E5 1127 995 26 39 U+65E5 1017 1008 22 35 U+65E5 963 471 27 35 U+6628 1113 949 48 50 U+6628 1067 511 44 29 U+982D 1070 260 45 42 U+898B 1069 302 44 40 U+898B 886 865 34 36 U+843D 1068 335 48 58 U+77E3 1071 389 40 41 U+77E3 892 758 43 46 U+77E3 774 697 47 46 U+77E3 494 336 18 33 U+77E3 454 474 51 48 U+591C 1061 540 43 37 U+591C 774 382 40 33 U+53C8 1064 571 51 40 U+767D 1064 606 42 31 U+8679 1057 636 53 37 U+8CAB 1059 673 47 39 U+8CAB 993 768 50 51 U+8CAB 1001 959 45 52 U+8CAB 941 423 58 44 U+6708 1063 713 40 58 U+6708 1006 813 36 40 U+8B8A 1057 988 55 61 U+865B 1004 240 46 50 U+751F 1008 286 39 36 U+800C 1019 319 25 26 U+800C 895 260 33 29 U+800C 597 809 32 24 U+800C 536 651 31 32 U+800C 326 238 45 33 U+82E5 1003 343 45 38 U+82E5 770 520 48 37 U+91CD 1005 411 40 38 U+758A 1001 449 47 53 U+52DD 994 560 51 43 U+6182 1002 603 41 45 U+61FC 999 650 47 44 U+61FC 710 611 43 39 U+8996 998 926 45 40 U+96D6 939 208 54 40 U+96D6 765 349 55 36 U+8F15 943 251 52 45 U+61C9 952 290 41 41 U+61C9 769 545 43 55 U+901F 945 357 52 45 U+65BC 958 400 34 29 U+65BC 653 381 36 37 U+65BC 592 534 31 18 U+7121 941 531 43 42 U+7121 646 234 50 55 U+5C45 936 707 49 41 U+9F0E 942 739 45 43 U+8EF8 939 779 47 44 U+80FD 934 842 44 31 U+5584 937 870 40 40 U+8F14 932 910 53 51 U+53AD 938 979 51 37 U+8846 946 1013 50 39 U+671B 875 209 53 52 U+81F4 881 286 56 49 U+6F22 885 405 50 43 U+8CAC 899 533 33 44 U+514D 897 577 38 43 U+4E09 890 616 42 30 U+516C 895 647 40 32 U+8AA0 881 675 53 56 U+662F 879 717 47 46 U+662F 519 433 48 56 U+662F 458 345 34 35 U+81EA 887 839 32 27 U+7B49 886 936 40 30 U+5FC3 774 217 38 21 U+795E 763 243 46 35 U+5B9A 765 308 51 40 U+5BE2 772 439 48 47 U+5E38 775 489 39 35 U+5728 769 593 53 42 U+5728 398 296 38 31 U+76EE 783 627 32 36 U+524D 770 660 53 39 U+7531 775 848 49 32 U+4E88 780 874 36 41 U+8AD2 774 910 48 47 U+5FB7 773 954 49 30 U+7372 774 1002 61 55 U+4E8E 705 194 37 49 U+4E8E 419 1017 29 44 U+5929 711 242 39 46 U+5929 654 412 33 29 U+537F 705 285 49 25 U+4F55 714 337 33 35 U+5ACC 706 369 45 46 U+4F0F 706 490 47 31 U+9858 711 513 49 45 U+6050 705 579 51 33 U+4FEE 712 644 45 41 U+4FEE 644 593 52 46 U+7701 713 682 47 45 U+7701 654 632 37 46 U+6BCD 709 722 53 33 U+6216 717 754 42 42 U+6216 589 698 42 38 U+9593 714 799 44 32 U+65B7 716 825 52 57 U+51E1 719 889 54 28 U+51E1 589 496 47 35 U+4F5C 721 946 44 31 U+4E8B 727 977 29 40 U+4E8B 535 889 35 38 U+5FC5 715 1017 51 32 U+4E43 657 290 30 33 U+62C2 649 342 46 45 U+610F 653 439 33 35 U+610F 406 199 30 46 U+8036 653 473 39 63 U+5EB6 657 707 42 38 U+4E4E 663 737 28 33 U+552F 652 902 53 46 U+638C 589 243 46 41 U+4EE4 580 273 66 42 U+5433 570 318 59 45 U+633A 583 361 45 36 U+660C 588 393 39 32 U+5553 572 428 58 48 U+81FA 576 552 55 43 U+95A3 570 591 61 41 U+F941 587 653 44 49 U+F941 461 520 45 40 U+4EBA 626 682 33 28 U+4EBA 395 709 57 31 U+4E3B 629 705 25 31 U+7591 593 773 42 38 U+5F9E 588 854 46 48 U+8005 598 900 40 30 U+8005 409 911 37 31 U+616E 597 955 43 46 U+5176 603 997 37 55 U+5176 309 818 61 57 U+540D 519 238 43 47 U+540D 455 240 38 37 U+672A 518 294 37 30 U+672A 524 542 33 28 U+672A 474 909 31 36 U+76E1 519 325 42 39 U+76E1 518 568 47 39 U+8457 518 366 43 34 U+8457 453 295 43 51 U+660E 528 611 38 40 U+660E 462 439 42 40 U+4ECA 527 682 57 49 U+60DF 533 763 42 39 U+60DF 392 361 53 44 U+6CF0 534 800 43 59 U+6CF0 398 399 42 42 U+F99C 463 565 40 31 U+5DF2 469 591 42 36 U+4E45 468 626 41 35 U+547D 463 672 59 47 U+97F3 468 715 38 34 U+5C19 466 748 39 34 U+5BE6 458 873 55 46 U+66C9 472 944 54 46 U+8056 476 1006 46 44 U+6240 391 272 47 24 U+672C 397 437 47 37 U+5BD2 393 500 43 53 U+5FAE 394 550 48 46 U+7B11 391 625 57 49 U+53D7 394 737 57 44 U+9115 401 779 39 32 U+66F2 434 790 27 26 U+4FAE 399 810 50 47 U+5F04 399 852 51 56 U+534A 404 940 40 36 U+4E16 404 977 48 36 U+7386 335 197 38 38 U+7325 316 268 63 51 U+53A0 316 317 50 44 U+F9B6 323 369 55 38 U+8CE2 320 408 50 44 U+5916 314 481 52 42 U+6FEB 308 518 63 72 U+83EF 304 637 60 50 U+986F 315 683 54 58 U+79E9 323 773 51 43 U+4E58 314 869 58 64 U+8CA9 322 963 72 45
test_23,U+5B54 1495 279 54 36 U+5CA9 1485 312 58 64 U+5916 1502 385 43 38 U+4E94 1484 425 58 39 U+4EE3 1480 471 77 36 U+7956 1490 503 51 47 U+8003 1487 546 50 49 U+5893 1485 637 59 77 U+674E 1472 706 68 56 U+9032 1472 766 73 62 U+58EB 1480 826 62 32 U+69AE 1487 867 45 44 U+4E16 1465 906 67 39 U+4E16 1438 343 47 37 U+4E16 1304 292 61 47 U+4F86 1479 938 44 59 U+4F86 1437 440 34 45 U+5BBF 1460 992 77 72 U+82E5 1438 203 34 64 U+6728 1422 261 55 39 U+F9E1 1435 302 38 40 U+4EA8 1438 381 41 67 U+898B 1437 483 49 42 U+898B 1355 1013 53 51 U+4EE5 1427 516 56 33 U+4EE5 1307 405 50 29 U+4EE5 1296 968 51 21 U+4EE5 1235 637 58 25 U+4EE5 1195 930 81 46 U+4EC1 1431 553 46 27 U+540C 1437 579 42 41 U+9115 1428 619 50 41 U+6240 1425 658 52 26 U+5C07 1422 695 50 30 U+88AB 1425 727 57 55 U+7DE8 1423 790 46 46 U+914D 1407 841 67 28 U+9858 1421 866 47 38 U+5F80 1412 909 59 41 U+79BF 1419 943 42 44 U+97F3 1417 981 37 40 U+57CE 1415 1021 51 44 U+4E91 1371 199 58 49 U+4E91 1248 498 48 43 U+4ECA 1377 251 50 39 U+65E5 1381 283 34 33 U+65E5 1382 428 38 23 U+65E5 1187 563 36 29 U+6B72 1376 319 50 64 U+6B72 1364 533 61 67 U+9664 1368 381 57 48 U+4E5F 1374 446 60 44 U+5B88 1385 480 26 57 U+4E4B 1374 594 40 39 U+4E4B 1245 316 59 52 U+611F 1361 643 60 61 U+6709 1366 704 39 41 U+500D 1352 751 62 60 U+5E38 1360 819 38 57 U+5E74 1358 866 47 61 U+81E3 1349 975 50 39 U+7766 1300 190 70 61 U+969B 1304 249 66 44 U+66F8 1326 341 34 31 U+4F59 1298 375 62 31 U+96B7 1299 431 62 54 U+7FD2 1308 491 56 38 U+5B98 1308 528 53 59 U+8912 1308 578 41 70 U+8CB6 1301 647 59 42 U+F967 1311 691 40 30 U+53C3 1288 720 60 53 U+6CD5 1299 772 51 48 U+52FF 1297 821 37 39 U+5C45 1297 853 48 42 U+4E0B 1305 900 36 36 U+800C 1298 925 43 36 U+5F35 1289 984 71 75 U+672A 1256 175 37 75 U+51C6 1251 254 55 62 U+6545 1234 360 62 56 U+53EA 1238 407 55 46 U+4E2D 1252 447 42 51 U+F9D1 1236 539 60 52 U+F9D1 1179 519 55 36 U+6708 1248 589 48 48 U+524D 1238 654 50 67 U+5247 1226 716 59 28 U+5247 1186 403 48 39 U+53EF 1225 749 55 37 U+4FDD 1207 783 90 56 U+9591 1221 833 64 55 U+81E5 1227 878 59 53 U+820D 1197 964 88 53 U+662F 1228 1015 69 52 U+5E78 1180 189 70 61 U+90FD 1176 252 51 65 U+76EE 1187 323 43 47 U+653F 1162 353 66 57 U+5728 1178 449 50 31 U+5344 1161 478 71 42 U+8033 1175 580 44 120
test_52,U+4E0A 1449 201 60 59 U+4E0A 1033 209 58 65 U+4E0A 454 968 59 40 U+66F0 1443 260 63 52 U+66F0 1395 348 62 45 U+66F0 1023 302 87 47 U+66F0 1059 652 63 40 U+66F0 904 491 67 48 U+66F0 762 347 66 62 U+66F0 209 808 60 46 U+4F9D 1452 315 60 54 U+4F9D 1038 353 72 64 U+7232 1473 375 53 50 U+7232 1272 366 41 50 U+7232 1268 796 69 40 U+7232 1041 424 62 44 U+7232 996 940 50 48 U+7232 916 967 68 39 U+7232 381 398 40 39 U+7232 337 589 33 19 U+7232 303 951 39 47 U+4E4B 1481 413 37 52 U+4E4B 1427 824 42 50 U+4E4B 1363 704 34 38 U+4E4B 1198 275 44 70 U+4E4B 1044 481 67 107 U+4E4B 705 630 27 28 U+4E4B 444 431 52 48 U+4E4B 309 604 23 31 U+80C4 1393 254 49 89 U+80C4 918 418 45 72 U+80C4 749 258 80 79 U+5F0F 1387 384 78 73 U+5E74 1418 456 42 58 U+5E74 1332 385 64 46 U+5E74 1359 981 64 63 U+5E74 901 651 61 67 U+5247 1417 510 46 30 U+5247 1343 438 58 33 U+5247 1268 280 41 30 U+5247 1282 714 53 45 U+5247 1211 496 44 57 U+5247 918 718 56 38 U+5247 684 498 56 36 U+5247 679 846 64 54 U+5247 534 481 60 41 U+5247 535 713 66 45 U+56DB 1402 541 60 41 U+5B78 1415 577 49 73 U+5B78 1271 655 63 64 U+5B78 1197 435 54 58 U+5B78 1047 695 61 52 U+8AB2 1407 649 68 55 U+8AB2 1267 412 60 59 U+8AB2 1107 400 75 56 U+88FD 1420 702 69 76 U+88FD 1258 461 75 80 U+88FD 1289 971 69 72 U+88FD 1123 466 69 75 U+88FD 1062 748 60 68 U+4ED8 1418 780 64 60 U+76E3 1419 861 67 61 U+8A66 1419 927 73 59 U+8A66 611 390 67 80 U+8A66 613 983 62 56 U+8A66 455 781 65 64 U+77E3 1435 980 64 67 U+77E3 910 328 60 97 U+77E3 935 1006 62 38 U+7532 1316 272 62 36 U+7532 915 535 47 49 U+5BC5 1320 306 64 73 U+5BC5 902 584 67 75 U+4EE5 1339 471 51 32 U+4EE5 906 741 59 59 U+4EE5 269 909 79 39 U+570B 1339 509 68 76 U+570B 905 801 67 73 U+6064 1332 573 75 61 U+6064 913 881 60 55 U+5EE2 1343 638 72 70 U+800C 1354 748 53 39 U+800C 1279 553 51 38 U+800C 1191 334 65 48 U+800C 1073 1002 67 45 U+800C 521 322 66 38 U+800C 452 840 67 49 U+7678 1345 787 71 52 U+4E11 1364 846 56 45 U+58EC 1356 881 63 52 U+5B50 1370 941 49 44 U+7576 1266 310 55 62 U+7576 705 944 35 47 U+7576 611 929 61 54 U+7576 353 350 67 51 U+5357 1263 594 64 63 U+81E3 1257 743 84 56 U+81E3 687 898 62 53 U+81E3 442 590 65 62 U+81E3 292 566 51 39 U+654E 1277 828 68 78 U+654E 1206 719 57 65 U+654E 979 267 45 79 U+6388 1288 905 56 58 U+6388 1196 792 74 72 U+6388 969 344 72 72 U+4ED6 1187 385 79 51 U+4ED6 1195 671 69 54 U+672A 1198 547 51 39 U+672A 1062 817 55 60 U+53CA 1201 587 75 84 U+4EE4 1211 861 49 44 U+8A72 1189 899 94 63 U+66F9 1204 962 78 76 U+66F9 198 385 78 42 U+5DEE 1105 257 62 80 U+51FA 1101 337 80 63 U+4F55 1124 551 68 44 U+5982 1136 594 55 64 U+9818 1044 597 69 53 U+77E5 1047 873 77 45 U+5176 1063 914 69 46 U+5176 614 639 54 64 U+53EF 1070 963 55 45 U+7686 985 414 47 54 U+7686 613 868 50 64 U+540D 965 460 67 61 U+540D 982 627 43 45 U+540D 770 673 47 82 U+5B98 992 516 39 58 U+5B98 967 668 54 51 U+6545 975 574 58 43 U+6545 617 460 49 48 U+591A 969 717 67 50 U+6020 984 763 60 67 U+6162 986 830 63 77 U+F967 981 901 58 41 U+64E7 1004 988 48 79 U+884C 906 257 63 61 U+884C 690 593 50 44 U+52FF 913 932 55 38 U+5B88 751 397 60 68 U+79A6 745 453 74 72 U+4E00 760 530 69 24 U+4E00 433 366 62 33 U+5343 759 557 60 40 U+5343 446 395 59 43 U+4E94 760 598 47 36 U+767E 762 637 62 58 U+524D 755 743 67 66 U+524D 529 669 73 40 U+5DF2 755 803 67 40 U+9EDE 740 851 89 57 U+8003 766 911 43 60 U+6B64 759 959 48 54 U+5F8C 752 1013 84 53 U+5F8C 509 412 87 72 U+9AD8 680 259 53 64 U+967D 681 324 58 58 U+5761 678 381 75 63 U+5DDE 681 449 57 48 U+52C5 698 527 54 66 U+52C5 527 363 60 54 U+52C5 516 604 86 71 U+8DEF 677 670 67 61 U+4E5F 676 736 71 51 U+4E5F 457 547 66 57 U+4E5F 277 820 78 46 U+5EE3 684 792 56 54 U+4EAC 688 995 60 69 U+4EAC 469 1008 58 57 U+9675 581 254 83 58 U+5F80 591 327 75 68 U+5F80 442 711 74 70 U+59D1 608 501 64 59 U+7F6E 615 558 54 71 U+5916 615 701 58 41 U+8ECD 613 749 50 70 U+8ECD 444 472 57 77 U+5175 606 818 68 57 U+5175 203 320 71 63 U+5175 216 744 60 50 U+624D 511 258 67 61 U+8FB2 528 526 62 77 U+5C0F 529 765 71 42 U+7965 526 808 66 110 U+6B32 440 657 79 68 U+6B32 294 860 60 61 U+65B9 454 878 59 51 U+65B9 332 548 40 32 U+4FBF 445 934 80 41 U+4E09 346 257 67 57 U+65E5 368 311 46 37 U+7FD2 360 445 77 58 U+64CD 348 502 92 65 U+8A13 269 250 68 64 U+90FD 292 317 45 67 U+674E 281 373 67 49 U+6597 297 426 42 46 U+F907 296 472 62 81 U+7CBE 341 609 35 42 U+7CBE 212 858 59 57 U+6284 334 652 47 41 U+6284 225 924 50 127 U+628A 338 692 40 36 U+628A 290 998 75 42 U+6460 334 722 52 43 U+6460 200 246 84 75 U+672C 295 632 42 46 U+5E55 289 690 41 81 U+4E0B 306 776 31 37 U+5224 214 427 73 43 U+66F8 227 475 48 48 U+9054 224 675 57 57
test_34,U+6B64 1472 583 61 70 U+6B64 976 523 44 52 U+6B64 224 843 46 35 U+4EA6 1488 645 52 44 U+4EA6 1126 668 49 63 U+4EA6 533 981 61 36 U+4EA6 215 759 58 33 U+5176 1493 675 47 52 U+5176 748 888 46 40 U+5176 606 338 46 40 U+5176 535 608 53 38 U+610F 1486 721 59 75 U+610F 1338 535 61 105 U+8036 1488 800 59 100 U+5F35 1389 253 44 72 U+5F35 301 961 63 43 U+66F0 1393 325 57 35 U+66F0 1317 252 51 44 U+66F0 1253 337 47 34 U+66F0 945 290 67 39 U+66F0 892 590 60 35 U+66F0 731 314 56 41 U+66F0 744 755 44 46 U+66F0 674 567 53 41 U+66F0 635 616 27 36 U+66F0 605 296 44 40 U+66F0 542 352 40 43 U+66F0 306 1012 60 46 U+5F7C 1393 356 48 47 U+5F92 1403 537 55 70 U+51FA 1410 592 53 47 U+51FA 377 638 81 63 U+65BC 1408 635 60 41 U+7121 1414 664 66 70 U+7121 738 953 70 58 U+8B58 1420 726 57 66 U+4E5F 1425 784 52 60 U+4E5F 1341 623 66 62 U+4E5F 883 454 65 59 U+4E5F 724 664 67 33 U+4E0A 1307 208 56 38 U+4E0A 946 233 56 40 U+4E0A 742 235 31 63 U+4E0A 599 239 48 40 U+76D6 1312 289 56 82 U+7279 1319 366 67 67 U+9818 1242 274 55 57 U+9818 735 701 56 55 U+9818 670 1030 59 40 U+9818 528 293 51 59 U+5D07 1247 396 63 83 U+5D07 519 405 72 79 U+9675 1249 469 77 79 U+9675 299 256 65 76 U+5C55 1242 534 71 86 U+8B01 1251 616 70 63 U+4E8B 1278 673 46 56 U+4E8B 663 372 57 44 U+4E8B 317 690 39 46 U+7576 1311 726 35 26 U+7576 1198 539 34 47 U+7576 1204 801 55 52 U+7576 1127 711 50 53 U+7576 950 754 34 28 U+7576 624 797 41 40 U+7232 1316 750 38 32 U+7232 987 718 45 35 U+7232 955 781 26 30 U+7232 913 794 47 51 U+7232 795 301 57 43 U+7232 753 542 33 41 U+7232 723 1013 25 25 U+7232 626 843 46 25 U+7232 387 829 66 54 U+5949 1270 737 36 40 U+884C 1277 779 42 44 U+884C 1172 381 53 48 U+884C 545 858 49 39 U+800C 1279 821 51 34 U+800C 983 675 38 43 U+800C 398 426 38 43 U+5341 1282 854 41 36 U+5341 1198 682 38 27 U+5341 1048 619 47 31 U+5341 980 940 47 36 U+516B 1254 887 93 34 U+65E5 1290 922 48 37 U+65E5 1186 508 43 27 U+65E5 1206 738 29 25 U+65E5 1067 686 22 19 U+65E5 1001 1010 38 35 U+65E5 746 931 38 22 U+65E5 610 388 41 37 U+65E5 464 352 40 28 U+62D8 1274 953 75 49 U+788D 1289 1001 58 43 U+77E3 1170 289 49 53 U+77E3 738 831 54 53 U+77E3 664 404 53 70 U+77E3 626 904 46 57 U+77E3 612 525 58 61 U+77E3 297 902 70 60 U+52C5 1183 337 47 51 U+52C5 1116 952 76 52 U+521D 1176 431 56 50 U+521D 950 337 54 50 U+4E09 1177 474 53 32 U+4E09 1190 710 46 28 U+5165 1183 584 56 37 U+4EAC 1199 623 43 55 U+9593 1190 765 70 40 U+9084 1197 851 60 47 U+9084 1033 488 67 63 U+9084 597 462 54 61 U+64E7 1212 921 37 54 U+52D5 1207 985 65 55 U+6642 1095 299 47 28 U+6642 531 656 68 30 U+6642 542 897 46 41 U+5B88 1109 327 35 38 U+4EE4 1092 363 56 39 U+5DEE 1101 410 50 52 U+4F7F 1108 466 47 48 U+4F7F 472 469 44 36 U+54E1 1120 515 36 38 U+757F 1099 573 71 46 U+4F2F 1116 617 53 51 U+5C0E 1123 770 62 75 U+99D5 1123 837 61 76 U+9001 1130 916 70 45 U+958B 1130 1005 55 48 U+5E9C 1010 287 67 44 U+4F3C 1019 343 65 45 U+672A 1039 388 34 30 U+672A 552 696 31 42 U+672A 307 785 42 52 U+672A 234 902 35 48 U+53CA 1033 422 54 69 U+4EE5 1047 552 32 33 U+4EE5 983 879 56 29 U+4EE5 911 638 36 32 U+4EE5 659 604 47 35 U+4E8C 1036 579 58 36 U+4E8C 975 908 59 33 U+4E8C 957 810 20 33 U+4E00 1015 649 92 35 U+4E00 971 982 70 30 U+9000 1051 704 52 54 U+9000 869 292 77 67 U+4E4B 1069 748 27 49 U+4E4B 998 743 24 46 U+4E4B 902 353 29 50 U+4E4B 912 836 35 37 U+4E4B 815 346 25 58 U+4E4B 753 583 27 41 U+4E4B 728 1027 20 33 U+4E4B 640 870 27 41 U+4E4B 483 558 19 54 U+4F55 1044 798 61 43 U+4F55 678 857 48 35 U+5982 1050 846 66 51 U+5982 679 892 52 39 U+F967 946 390 63 35 U+F967 375 797 76 46 U+F967 301 591 54 40 U+77E5 954 423 62 48 U+81F3 966 470 49 47 U+81F3 399 700 52 52 U+9072 973 579 46 50 U+5EF6 978 632 58 58 U+7136 984 784 50 58 U+5247 994 845 45 31 U+5247 210 883 64 28 U+53EF 893 406 46 42 U+53EF 736 631 45 31 U+53EF 602 427 49 42 U+5175 896 531 55 56 U+7559 948 619 32 44 U+7559 453 294 54 53 U+90FD 950 655 26 40 U+90FD 469 856 49 50 U+8ECD 949 711 36 42 U+8ECD 906 748 44 57 U+8ECD 906 1019 74 44 U+8ECD 735 482 52 55 U+8ECD 630 742 38 59 U+5343 955 841 28 32 U+5169 907 675 40 39 U+5169 714 355 70 62 U+5169 684 929 40 36 U+5C40 915 713 40 33 U+5C40 742 414 55 62 U+5C40 679 967 63 33 U+4E4E 920 867 33 66 U+4E4E 794 396 62 98 U+5916 911 928 54 51 U+65B9 907 985 48 38 U+597D 730 799 58 31 U+7D93 747 1009 62 51 U+5BBF 657 301 60 59 U+6B0A 662 499 63 65 U+69BB 676 657 44 53 U+524D 679 706 44 47 U+5B9A 667 755 61 33 U+5B9A 529 742 63 51 U+5B9A 383 290 60 61 U+5B9A 296 628 76 66 U+596A 675 799 48 54 U+4E2D 686 1001 35 24 U+5FA1 623 652 49 39 U+71DF 633 695 45 49 U+706B 527 497 61 48 U+5DE2 526 544 73 64 U+767C 543 806 41 51 U+81E3 540 948 59 35 U+81E3 471 597 47 57 U+5F80 533 1015 86 53 U+5F80 462 978 56 50 U+5F80 220 805 64 40 U+547D 467 410 42 66 U+898B 465 520 54 46 U+898B 479 1024 56 42 U+8207 471 645 39 51 U+6460 466 688 55 66 U+6460 388 475 67 72 U+8B77 473 755 44 54 U+8AF8 464 810 68 44 U+76E3 466 916 46 56 U+754C 361 358 84 64 U+91D1 399 542 60 59 U+5442 389 594 55 52 U+4ECA 394 750 45 48 U+53D6 389 883 57 49 U+7A1F 385 934 72 79 U+9AD4 304 739 64 47 U+5B89 294 830 77 69 U+60B6 221 628 59 39 U+4E95 226 677 56 34 U+91CD 227 713 49 54 U+6613 231 951 45 49 U+537D 222 998 58 51
test_60,U+90FD 728 181 106 195 U+4EE4 713 379 123 122 U+5553 692 481 117 108 U+66F0 706 605 90 72 U+4ECA 683 679 179 130 U+65E5 711 809 63 70 U+5F15 582 176 101 111 U+898B 591 279 102 118 U+6642 570 409 106 139 U+8AEB 547 545 117 118 U+9662 548 675 149 122 U+5247 568 800 107 68 U+5247 307 480 98 81 U+65E3 560 882 117 108 U+5DF2 550 975 122 93 U+4F86 446 203 117 121 U+4F86 282 801 104 124 U+5F85 453 331 83 112 U+5F85 286 926 123 144 U+6545 434 468 108 83 U+7576 432 541 108 134 U+7232 432 675 93 95 U+5165 422 777 100 79 U+4F8D 416 865 101 110 U+800C 439 977 80 88 U+61B2 300 219 118 122 U+5E9C 318 324 91 148 U+672A 299 563 94 113 U+53CA 289 686 135 128
test_63,U+4E00 1284 876 53 31 U+54E1 1284 898 78 77 U+672A 1305 969 43 45 U+5DEE 1282 1013 52 65 U+6C88 1199 431 93 82 U+5750 1217 526 63 68 U+5750 1079 531 70 55 U+5750 1008 526 61 62 U+5750 934 532 65 47 U+5047 1177 740 99 85 U+5047 1036 897 101 64 U+6CE8 1199 819 70 55 U+6CE8 1054 953 75 61 U+66F8 1209 880 78 51 U+66F8 1065 1025 63 45 U+67F3 1201 931 82 81 U+75C5 1215 1026 66 82 U+75C5 1151 533 56 62 U+5B89 1135 431 72 70 U+674E 1137 924 73 73 U+674E 987 921 59 92 U+674E 917 399 77 100 U+4ED5 1133 1005 68 50 U+4ED5 975 1008 85 70 U+76F4 1152 1052 45 50 U+76F4 1015 578 45 53 U+76F4 946 582 53 53 U+76F4 618 841 83 96 U+526F 1063 229 73 73 U+526F 996 233 69 57 U+526F 905 227 101 76 U+526F 716 301 125 116 U+F980 1078 420 54 80 U+4E8B 1062 765 52 56 U+8B8A 1064 816 58 73 U+53F3 984 166 69 62 U+53F3 728 209 79 86 U+5D14 999 410 73 105 U+540C 916 155 78 65 U+5553 722 492 91 79 U+5553 494 941 107 95 U+66F0 746 574 66 47 U+5175 717 638 115 75 U+66F9 700 721 156 81 U+90DE 719 798 102 138 U+5EF3 704 934 155 143 U+4F86 594 196 102 107 U+4E91 624 316 69 63 U+4E91 509 497 79 76 U+95D5 595 442 120 102 U+5167 587 544 124 77 U+5404 603 602 86 88 U+8655 616 702 89 82 U+5165 616 785 83 59 U+8ECD 594 944 117 89 U+58EB 619 1029 87 65 U+591C 467 199 130 88 U+5DE1 481 304 140 80 U+6AA2 510 395 84 100 U+77E3 507 569 90 196 U+6562 475 761 134 136
test_32,U+65BC 1476 604 61 39 U+65BC 1322 516 31 24 U+65BC 1237 685 42 35 U+65BC 1082 694 58 28 U+65BC 1005 251 51 57 U+4ED6 1466 650 69 46 U+4EBA 1468 693 81 62 U+F967 1475 741 57 46 U+F967 1386 836 73 57 U+F967 1143 441 62 34 U+F967 1091 877 53 37 U+F967 920 971 67 53 U+F967 806 755 53 35 U+F967 488 329 60 48 U+7232 1474 824 53 40 U+7232 1223 330 54 34 U+7232 1067 373 65 56 U+7232 926 834 49 48 U+7232 805 900 49 46 U+7232 636 266 58 48 U+7232 492 516 57 47 U+7232 412 594 58 45 U+5C0B 1482 855 50 62 U+5E38 1479 915 52 57 U+898F 1465 984 93 57 U+5F0A 1394 537 50 49 U+77E3 1392 584 50 65 U+77E3 911 255 76 79 U+77E3 639 530 72 75 U+77E3 494 947 47 57 U+77E3 256 580 56 66 U+8FD1 1386 643 74 55 U+4F86 1406 700 43 53 U+8AF8 1392 750 64 46 U+81E3 1403 789 51 44 U+81E3 1315 317 54 52 U+81E3 1160 384 46 50 U+81E3 404 850 49 45 U+81E3 331 792 64 41 U+4ED5 1402 887 65 64 U+8005 1391 935 61 52 U+8005 930 474 41 31 U+5FD8 1409 987 59 46 U+541B 1311 255 40 62 U+4E4B 1332 364 25 39 U+4E4B 1332 687 29 38 U+4E4B 1098 421 25 65 U+4E4B 568 778 51 40 U+4E4B 511 572 31 69 U+4E4B 437 490 23 52 U+7FA9 1323 405 47 50 U+7FA9 1284 348 36 59 U+7FA9 998 566 70 58 U+7FA9 809 328 54 59 U+7FA9 797 621 66 70 U+6B7B 1316 544 55 50 U+9EE8 1309 605 60 80 U+7FD2 1317 731 59 51 U+800C 1319 778 57 42 U+800C 920 710 60 38 U+800C 720 762 45 28 U+800C 642 365 56 42 U+800C 643 828 48 39 U+800C 571 817 59 32 U+7686 1313 808 54 64 U+7686 999 307 57 63 U+7686 933 750 44 57 U+6B32 1320 869 54 67 U+9000 1327 934 51 56 U+9000 329 941 58 50 U+53BB 1334 986 49 56 U+53BB 1090 963 56 44 U+53BB 350 994 43 42 U+4E0A 1267 214 37 33 U+4E0A 1068 215 60 50 U+4E0A 403 215 54 39 U+66F0 1270 251 45 34 U+66F0 1074 271 53 41 U+66F0 1003 947 61 38 U+66F0 388 269 71 33 U+66F0 400 707 41 52 U+6B64 1272 286 36 40 U+6B64 1238 720 50 49 U+6B64 1006 509 51 56 U+6B64 936 935 45 47 U+6B64 724 985 57 49 U+4F55 1270 320 39 32 U+4F55 1015 688 53 64 U+4F55 400 310 62 47 U+4E5F 1288 410 29 42 U+4E5F 920 659 63 60 U+60F3 1217 271 58 46 U+99ED 1228 370 46 71 U+6115 1219 442 73 59 U+5C39 1240 514 45 62 U+5C39 727 790 43 62 U+5C39 568 612 52 49 U+5FC5 1227 574 70 46 U+5FC5 706 906 84 39 U+6FC0 1227 631 75 51 U+537D 1247 767 39 39 U+627F 1236 809 62 61 U+65E8 1232 851 65 66 U+4EE5 1237 910 57 34 U+4EE5 908 804 79 35 U+4EE5 716 943 62 41 U+4EE5 403 362 64 30 U+4E00 1241 957 56 19 U+70C8 1240 979 65 36 U+8FAD 1259 1009 53 42 U+F941 1147 267 58 72 U+5927 1137 340 73 44 U+5927 648 973 52 64 U+5927 343 545 42 41 U+5927 324 747 58 33 U+7576 1153 467 56 64 U+7576 321 892 63 44 U+8B80 1155 525 58 72 U+5F9E 1151 598 63 59 U+91CD 1163 656 42 52 U+63A8 1158 716 53 59 U+8003 1152 780 62 67 U+4F9D 1070 314 65 69 U+7236 1075 480 70 62 U+96D6 1078 539 53 53 U+5F97 1087 601 42 36 U+7F6A 1076 644 63 46 U+570B 1078 722 70 79 U+5176 1091 798 47 48 U+5176 579 373 43 42 U+5176 410 746 42 41 U+5B50 1096 842 45 38 U+5B50 927 611 56 53 U+6562 1088 921 60 49 U+6562 804 795 61 60 U+6CC1 1085 1009 103 48 U+751F 993 369 59 58 U+4E4E 1017 425 34 70 U+7406 1006 631 53 63 U+7406 806 388 61 69 U+64DA 999 757 65 68 U+64DA 798 1002 81 52 U+54C9 1015 821 61 60 U+9818 1006 879 56 62 U+9818 403 639 57 62 U+7136 1012 977 61 56 U+6240 921 334 60 37 U+8B02 913 375 71 50 U+5E2B 923 420 50 59 U+975E 972 497 30 33 U+975E 642 324 62 39 U+975E 641 477 59 50 U+771E 922 512 50 63 U+5F1F 928 573 58 44 U+5982 921 886 72 43 U+4F46 799 257 52 76 U+602A 804 456 53 61 U+7570 805 512 53 50 U+5206 804 572 64 43 U+5BE6 799 690 68 75 U+6975 790 853 74 50 U+7121 803 944 60 54 U+7121 641 919 66 58 U+82E5 719 268 59 53 U+5C11 741 329 36 38 U+93AD 709 382 68 64 U+5B9A 733 442 45 58 U+5247 730 508 54 38 U+5247 416 392 56 42 U+6216 729 539 45 58 U+53EF 733 596 42 50 U+61F7 730 647 52 66 U+609F 708 714 78 51 U+4E8B 713 859 55 40 U+4E8B 570 321 46 52 U+4E8B 577 559 38 53 U+4E8B 481 789 49 50 U+56FA 628 409 73 59 U+52C5 642 596 57 69 U+884C 638 656 54 63 U+6E21 651 710 45 74 U+6C5F 636 779 60 47 U+59D1 639 873 57 47 U+6BB5 568 265 48 64 U+4E2D 579 415 40 42 U+4E2D 577 909 42 49 U+670D 571 459 56 51 U+8272 569 507 46 50 U+5617 563 649 53 87 U+8A00 562 737 51 47 U+9928 555 849 65 62 U+51FA 552 950 63 50 U+5165 578 993 46 40 U+4EA6 488 259 56 61 U+4EE4 482 378 75 44 U+767D 488 418 61 62 U+8863 485 474 59 47 U+4E91 504 632 43 54 U+7528 482 678 64 59 U+6771 473 741 75 46 U+751A 482 840 55 46 U+60B6 466 888 72 54 U+540F 416 439 56 48 U+52FF 410 539 60 56 U+6642 399 791 56 59 U+534A 404 901 54 39 U+65E5 412 945 51 29 U+82E6 400 985 63 60 U+722D 337 240 48 111 U+7D42 324 357 69 56 U+901A 337 586 61 61 U+5B98 337 642 55 54 U+5167 330 695 58 52 U+81EA 340 823 39 61
test_28,U+9818 1462 190 84 80 U+8A18 1465 661 95 83 U+4E8B 1495 738 45 61 U+5B98 1487 792 64 54 U+674E 1477 845 73 64 U+674E 1421 841 54 64 U+8058 1474 904 81 64 U+547D 1483 958 85 76 U+884C 1399 194 53 69 U+884C 1337 191 51 62 U+884C 1258 190 66 60 U+884C 1116 193 68 71 U+884C 1060 192 59 69 U+5DE5 1400 266 50 30 U+66F9 1391 296 56 32 U+66F9 1324 292 64 26 U+66F9 1262 299 56 27 U+66F9 1188 252 63 36 U+66F9 996 258 61 62 U+5224 1394 327 55 47 U+5224 1312 315 77 52 U+5224 1273 326 47 48 U+5224 1193 282 63 84 U+5224 995 371 52 69 U+540E 1419 895 47 74 U+6C86 1413 962 67 72 U+5175 1337 253 41 39 U+5175 985 206 63 54 U+66F8 1334 368 55 56 U+66F8 1269 367 50 70 U+66F8 1211 359 42 73 U+904B 1336 525 55 69 U+5357 1333 837 67 78 U+76CA 1339 908 63 55 U+718F 1340 958 62 81 U+79AE 1255 246 61 57 U+5F35 1271 429 50 56 U+5584 1280 484 44 46 U+6236 1193 197 45 57 U+5433 1200 432 53 57 U+633A 1201 489 69 45 U+7DEF 1207 535 55 59 U+5927 1128 259 50 41 U+5927 922 198 42 62 U+5927 800 540 58 46 U+53F8 1132 300 49 59 U+53F8 920 251 45 63 U+61B2 1127 355 63 84 U+91D1 1142 435 54 56 U+91D1 1071 564 59 61 U+5FBD 1126 507 78 84 U+5F18 1053 262 72 45 U+6587 1057 305 63 47 U+9928 1070 347 49 55 U+526F 1055 395 65 59 U+526F 804 258 73 79 U+63D0 1077 449 50 59 U+5B78 1064 514 63 64 U+932B 1081 626 49 48 U+80C4 1093 675 42 72 U+53C3 1006 311 40 63 U+7533 1007 440 40 46 U+6C5D 1001 494 56 41 U+54F2 1004 542 53 62 U+8AEB 913 311 68 68 U+912D 906 391 80 121 U+6673 906 518 70 90 U+5DE6 791 199 87 62 U+627F 789 343 89 50 U+65E8 805 395 63 64 U+6B0A 794 459 70 78 U+8F09 817 583 55 74 U+758F 580 212 146 86 U+5F15 593 394 129 96 U+898B 616 484 134 137 U+591C 605 601 134 129 U+5C0D 596 734 160 124 U+5EF3 574 851 174 124 U+5099 357 184 192 125 U+5C40 376 300 164 121 U+5802 406 401 119 114 U+4E0A 418 520 122 76 U+665D 367 585 161 140 U+8B1B 370 722 167 121
test_46,U+7686 1466 306 59 57 U+7686 297 461 83 67 U+6B7B 1461 371 68 65 U+54B8 1466 433 68 65 U+9675 1470 502 62 69 U+9675 1147 648 79 76 U+9675 517 901 94 80 U+541B 1468 571 50 53 U+96D6 1509 570 59 51 U+672A 1516 617 44 37 U+672A 917 735 65 52 U+672A 619 301 63 64 U+516B 1472 619 55 37 U+5341 1478 656 50 38 U+5341 1013 439 54 41 U+5341 391 757 48 35 U+8D85 1477 692 55 52 U+8CC7 1474 743 65 84 U+62DC 1479 820 65 39 U+5E9C 1466 853 81 52 U+9662 1469 902 80 52 U+4E8B 1502 943 43 102 U+4E8B 400 513 48 61 U+4E8B 312 687 53 52 U+81E3 1396 351 52 51 U+81E3 627 691 49 56 U+4E0B 1437 391 30 34 U+9673 1362 400 95 63 U+9054 1396 467 59 60 U+9054 546 604 75 63 U+800C 1383 521 70 49 U+800C 470 509 57 50 U+7232 1378 560 73 45 U+7232 697 741 56 57 U+4E4B 1397 601 54 59 U+4E4B 1413 772 46 45 U+4E4B 1429 985 43 56 U+4E4B 1015 874 39 40 U+4E4B 789 990 42 55 U+4E4B 705 786 45 48 U+4E4B 632 885 36 47 U+4E4B 477 876 37 58 U+4E4B 315 636 50 60 U+4E4B 212 502 61 67 U+77E3 1411 644 52 80 U+77E3 1011 598 49 57 U+5177 1410 728 46 54 U+5E74 1402 814 65 66 U+5E74 1316 369 59 54 U+5E74 1101 697 39 60 U+537D 1409 876 61 50 U+5176 1319 269 59 41 U+5176 924 293 54 42 U+5176 688 919 63 47 U+5176 552 394 66 51 U+5176 445 927 73 55 U+6642 1323 312 65 51 U+6642 1171 542 53 36 U+6642 1097 861 52 63 U+6642 918 332 64 45 U+6642 709 696 48 57 U+4E5F 1313 418 67 69 U+4E5F 1226 647 97 82 U+4E5F 685 881 62 46 U+4E5F 385 580 72 67 U+4E5F 313 357 65 57 U+4E5F 290 752 83 61 U+4E0A 1230 206 65 53 U+4E0A 703 471 63 60 U+66F0 1219 273 92 42 U+66F0 1160 346 62 49 U+66F0 712 533 58 51 U+66F0 552 674 55 48 U+4F9D 1237 326 72 63 U+F9E1 1239 387 77 59 U+4F8B 1226 503 84 78 U+53EF 1241 593 63 53 U+53EF 696 830 48 46 U+53EF 303 272 69 72 U+5F35 1162 287 62 52 U+5148 1144 420 79 61 U+671D 1158 484 62 59 U+5404 1159 579 66 61 U+9999 1176 722 40 51 U+9999 908 441 85 80 U+9999 925 631 60 67 U+70AD 1148 772 78 68 U+5C71 1157 838 84 55 U+6458 1154 898 58 65 U+5978 1164 962 71 69 U+66F8 1075 271 76 66 U+5553 1078 356 81 54 U+5553 987 336 83 58 U+5553 999 1013 98 53 U+5553 539 498 84 64 U+5468 1081 407 67 67 U+5468 395 642 52 67 U+56DE 1076 477 80 45 U+56DE 548 437 71 58 U+56DE 367 709 77 56 U+5927 1092 523 52 44 U+5927 621 628 63 63 U+5C0F 1090 560 63 38 U+58EC 1089 594 47 56 U+5BC5 1082 643 63 61 U+91CF 1087 758 54 69 U+7530 1079 822 65 49 U+7530 1095 980 55 35 U+56E0 1090 924 55 54 U+4F7F 1102 1008 57 56 U+F9FA 998 283 78 49 U+4EE5 996 394 76 47 U+4EE5 697 286 59 62 U+4EE5 564 357 68 33 U+4EE5 463 560 64 28 U+4EE5 386 907 60 37 U+91CC 1019 483 49 48 U+91CC 384 791 55 51 U+5B9A 1011 532 53 64 U+5B9A 629 442 69 83 U+5B9A 617 826 58 64 U+7533 1014 754 50 54 U+52C5 1009 806 76 79 U+610F 1001 909 67 69 U+5165 1003 971 71 46 U+5165 623 747 62 42 U+5165 395 468 61 49 U+6CF0 921 382 66 64 U+6CF0 773 459 74 57 U+4E09 926 513 70 50 U+4E09 924 692 76 48 U+4E09 772 519 85 55 U+7A46 913 560 75 68 U+7A46 930 956 67 88 U+7A46 198 885 76 91 U+5F97 939 785 44 45 U+6298 932 830 54 58 U+53D7 916 884 79 72 U+4E8C 769 306 72 42 U+4E8C 197 1010 75 38 U+5247 776 355 67 36 U+5247 781 672 73 39 U+5247 791 814 37 34 U+5247 460 796 60 36 U+5247 297 1017 67 44 U+4ECD 779 383 77 86 U+4ECD 441 829 82 66 U+4E2D 793 572 57 61 U+4E00 770 630 83 38 U+4E00 763 779 71 36 U+660C 769 711 66 60 U+660C 203 598 71 60 U+7AE0 766 844 57 75 U+7AE0 209 674 53 73 U+79FB 807 894 62 58 U+7D66 767 929 55 61 U+7576 706 353 56 55 U+7576 313 522 53 51 U+4E91 708 405 54 47 U+767B 699 581 58 49 U+5C0D 687 644 77 48 U+5F8C 683 957 77 90 U+5F8C 298 860 63 62 U+53CA 614 365 81 85 U+596A 633 518 50 111 U+6B64 616 783 65 52 U+6B64 310 414 60 51 U+4F55 597 931 72 48 U+5982 626 972 57 75 U+9818 558 284 59 76 U+4EF0 538 562 79 44 U+5730 537 718 68 45 U+65B9 534 762 65 47 U+5B98 537 803 65 50 U+5B98 546 962 58 47 U+8207 554 851 44 48 U+773C 547 998 69 61 U+540C 462 288 77 53 U+5283 478 348 66 91 U+754C 470 439 64 70 U+524D 474 589 58 56 U+585A 471 641 66 71 U+5893 464 700 58 91 U+5B50 454 973 64 43 U+5B50 383 994 68 61 U+5B6B 451 1014 79 50 U+52FF 410 268 50 81 U+4EE4 396 349 58 57 U+65B0 393 410 63 62 U+9650 381 849 71 58 U+6D77 380 939 64 61 U+65BD 306 578 71 53 U+7136 298 810 69 49 U+6709 315 919 32 59 U+6709 214 968 45 46 U+72AF 281 958 77 61 U+5B88 234 284 50 58 U+76F4 209 358 75 56 U+7F6A 219 429 71 64 U+5143 206 773 68 57 U+7121 199 828 87 56
